-- user
insert into users (user_id, email, nickname, phone, provider, birth, create_date, update_date, is_profile, is_certification) values
(1, 'kwon@naver.com', '권기오', '01063169037', 'KAKAO', '0713', now(), now(), true, false),
(2, 'aran@naver.com', '김아란', '01012345678', 'KAKAO', '0613', now(), now(), false, false),
(3, 'seongi@naver.com', '오승기', '01011112222', 'KAKAO', '0402', now(), now(), false, false);

-- profile image
insert into profile_images (profile_image_id, url, create_date, update_date) values
(1, 'https://encrypted-tbn1.gstatic.com/licensed-image?q=tbn:ANd9GcREj22c-wMNL5IDmU99v8G7voUl17Yxm0JJqMLqttdPT4DnaB99zqVK7HWiNzjP3aZnzCEf-ikAqb2yiDk', now(), now()),
(2, 'https://encrypted-tbn1.gstatic.com/licensed-image?q=tbn:ANd9GcREj22c-wMNL5IDmU99v8G7voUl17Yxm0JJqMLqttdPT4DnaB99zqVK7HWiNzjP3aZnzCEf-ikAqb2yiDk', now(), now());

-- profile
insert into profiles(profile_id, user_id, profile_image_id, job, environment, people, comment,  open_talk, region, is_experience, create_date, update_date) values
(1, 1 ,1, '학생', '아파트', 4, '잘 키울 자신 있음', 'wwww.opentalk.com', '서울', TRUE, now(), now()),
(3, 3 ,2, '주부', '주택', 1, '잘 키울게', 'wwww.opentalk.com', '광주', FALSE, now(), now());

-- experience
insert into experiences (experience_id, profile_id, species, period, create_date, update_date) values
(1, 1, '불독', 12, now(), now()),
(2, 1, '리트리버', 23, now(), now()),
(3, 1, '불독', 5, now(), now());

-- main_categories
insert into main_categories(main_category_id, name) values
(1, '강아지'),
(2, '고양이');

-- sub_categories
insert into sub_categories(sub_category_id, main_category_id, name)values
(1, 1, '불독'),
(2, 1, '골든 리트리버'),
(3, 1, '닥스훈트'),
(4, 2, '믹스묘'),
(5, 2, '러시안블루'),
(6, 2, '페르시안');

-- posts
insert into posts (adopter,advantage,average_cost,birth,create_date,disadvantage,gender,main_category_id,money,name,neutered,reason,region,reports,status,sub_category_id,thumbnail_image,update_date,user_id,views,post_id) values
('입양자', '장점','평균비용','2022-03',now(),'단점','MALE',1,'100000','테스트','YES','이유','서울',1,'SAVE',1,'https://encrypted-tbn1.gstatic.com/licensed-image?q=tbn:ANd9GcREj22c-wMNL5IDmU99v8G7voUl17Yxm0JJqMLqttdPT4DnaB99zqVK7HWiNzjP3aZnzCEf-ikAqb2yiDk',now(),1,1,1),
('입양자', '장점','평균비용','2022-03',now(),'단점','MALE',1,'100000','테스트','YES','이유','서울',1,'SAVE',1,'https://encrypted-tbn1.gstatic.com/licensed-image?q=tbn:ANd9GcREj22c-wMNL5IDmU99v8G7voUl17Yxm0JJqMLqttdPT4DnaB99zqVK7HWiNzjP3aZnzCEf-ikAqb2yiDk',now(),1,1,2),
('입양자', '장점','평균비용','2022-03',now(),'단점','MALE',1,'100000','테스트','YES','이유','서울',1,'SAVE',1,'https://encrypted-tbn1.gstatic.com/licensed-image?q=tbn:ANd9GcREj22c-wMNL5IDmU99v8G7voUl17Yxm0JJqMLqttdPT4DnaB99zqVK7HWiNzjP3aZnzCEf-ikAqb2yiDk',now(),1,1,3),
('입양자', '장점','평균비용','2022-03',now(),'단점','MALE',1,'100000','테스트','YES','이유','서울',1,'SAVE',1,'https://encrypted-tbn1.gstatic.com/licensed-image?q=tbn:ANd9GcREj22c-wMNL5IDmU99v8G7voUl17Yxm0JJqMLqttdPT4DnaB99zqVK7HWiNzjP3aZnzCEf-ikAqb2yiDk',now(),1,1,4),
('입양자', '장점','평균비용','2022-03',now(),'단점','MALE',1,'100000','테스트','YES','이유','서울',1,'SAVE',1,'https://encrypted-tbn1.gstatic.com/licensed-image?q=tbn:ANd9GcREj22c-wMNL5IDmU99v8G7voUl17Yxm0JJqMLqttdPT4DnaB99zqVK7HWiNzjP3aZnzCEf-ikAqb2yiDk',now(),1,1,5),
('입양자', '장점','평균비용','2022-03',now(),'단점','MALE',1,'100000','테스트','YES','이유','서울',1,'SAVE',1,'https://encrypted-tbn1.gstatic.com/licensed-image?q=tbn:ANd9GcREj22c-wMNL5IDmU99v8G7voUl17Yxm0JJqMLqttdPT4DnaB99zqVK7HWiNzjP3aZnzCEf-ikAqb2yiDk',now(),1,1,6),
('입양자', '장점','평균비용','2022-03',now(),'단점','MALE',1,'100000','테스트','YES','이유','서울',1,'SAVE',1,'https://encrypted-tbn1.gstatic.com/licensed-image?q=tbn:ANd9GcREj22c-wMNL5IDmU99v8G7voUl17Yxm0JJqMLqttdPT4DnaB99zqVK7HWiNzjP3aZnzCEf-ikAqb2yiDk',now(),1,1,7),
('입양자', '장점','평균비용','2022-03',now(),'단점','MALE',1,'100000','테스트','YES','이유','서울',1,'SAVE',1,'https://encrypted-tbn1.gstatic.com/licensed-image?q=tbn:ANd9GcREj22c-wMNL5IDmU99v8G7voUl17Yxm0JJqMLqttdPT4DnaB99zqVK7HWiNzjP3aZnzCEf-ikAqb2yiDk',now(),1,1,8),
('입양자', '장점','평균비용','2022-03',now(),'단점','MALE',1,'100000','테스트','YES','이유','서울',1,'SAVE',1,'https://encrypted-tbn1.gstatic.com/licensed-image?q=tbn:ANd9GcREj22c-wMNL5IDmU99v8G7voUl17Yxm0JJqMLqttdPT4DnaB99zqVK7HWiNzjP3aZnzCEf-ikAqb2yiDk',now(),1,1,9),
('입양자', '장점','평균비용','2022-03',now(),'단점','MALE',1,'100000','테스트','YES','이유','서울',1,'SAVE',1,'https://encrypted-tbn1.gstatic.com/licensed-image?q=tbn:ANd9GcREj22c-wMNL5IDmU99v8G7voUl17Yxm0JJqMLqttdPT4DnaB99zqVK7HWiNzjP3aZnzCEf-ikAqb2yiDk',now(),1,1,10),
('입양자', '장점','평균비용','2022-03',now(),'단점','MALE',1,'100000','테스트','YES','이유','서울',1,'SAVE',1,'https://encrypted-tbn1.gstatic.com/licensed-image?q=tbn:ANd9GcREj22c-wMNL5IDmU99v8G7voUl17Yxm0JJqMLqttdPT4DnaB99zqVK7HWiNzjP3aZnzCEf-ikAqb2yiDk',now(),1,1,11),
('입양자', '장점','평균비용','2022-03',now(),'단점','MALE',1,'100000','테스트','YES','이유','서울',1,'SAVE',1,'https://encrypted-tbn1.gstatic.com/licensed-image?q=tbn:ANd9GcREj22c-wMNL5IDmU99v8G7voUl17Yxm0JJqMLqttdPT4DnaB99zqVK7HWiNzjP3aZnzCEf-ikAqb2yiDk',now(),1,1,12),
('입양자', '장점','평균비용','2022-03',now(),'단점','MALE',1,'100000','테스트','YES','이유','서울',1,'SAVE',1,'https://encrypted-tbn1.gstatic.com/licensed-image?q=tbn:ANd9GcREj22c-wMNL5IDmU99v8G7voUl17Yxm0JJqMLqttdPT4DnaB99zqVK7HWiNzjP3aZnzCEf-ikAqb2yiDk',now(),1,1,13),
('입양자', '장점','평균비용','2022-03',now(),'단점','MALE',1,'100000','테스트','YES','이유','서울',1,'SAVE',1,'https://encrypted-tbn1.gstatic.com/licensed-image?q=tbn:ANd9GcREj22c-wMNL5IDmU99v8G7voUl17Yxm0JJqMLqttdPT4DnaB99zqVK7HWiNzjP3aZnzCEf-ikAqb2yiDk',now(),1,1,14),
('입양자', '장점','평균비용','2022-03',now(),'단점','MALE',1,'100000','테스트','YES','이유','서울',1,'SAVE',1,'https://encrypted-tbn1.gstatic.com/licensed-image?q=tbn:ANd9GcREj22c-wMNL5IDmU99v8G7voUl17Yxm0JJqMLqttdPT4DnaB99zqVK7HWiNzjP3aZnzCEf-ikAqb2yiDk',now(),1,1,15),
('입양자', '장점','평균비용','2022-03',now(),'단점','MALE',1,'100000','테스트','YES','이유','서울',1,'SAVE',1,'https://encrypted-tbn1.gstatic.com/licensed-image?q=tbn:ANd9GcREj22c-wMNL5IDmU99v8G7voUl17Yxm0JJqMLqttdPT4DnaB99zqVK7HWiNzjP3aZnzCEf-ikAqb2yiDk',now(),1,1,16),
('입양자', '장점','평균비용','2022-03',now(),'단점','MALE',1,'100000','테스트','YES','이유','서울',1,'SAVE',1,'https://encrypted-tbn1.gstatic.com/licensed-image?q=tbn:ANd9GcREj22c-wMNL5IDmU99v8G7voUl17Yxm0JJqMLqttdPT4DnaB99zqVK7HWiNzjP3aZnzCEf-ikAqb2yiDk',now(),1,1,17),
('입양자', '장점','평균비용','2022-03',now(),'단점','MALE',1,'100000','테스트','YES','이유','서울',1,'SAVE',1,'https://encrypted-tbn1.gstatic.com/licensed-image?q=tbn:ANd9GcREj22c-wMNL5IDmU99v8G7voUl17Yxm0JJqMLqttdPT4DnaB99zqVK7HWiNzjP3aZnzCEf-ikAqb2yiDk',now(),1,1,18),
('입양자', '장점','평균비용','2022-03',now(),'단점','MALE',1,'100000','테스트','YES','이유','서울',1,'SAVE',1,'https://encrypted-tbn1.gstatic.com/licensed-image?q=tbn:ANd9GcREj22c-wMNL5IDmU99v8G7voUl17Yxm0JJqMLqttdPT4DnaB99zqVK7HWiNzjP3aZnzCEf-ikAqb2yiDk',now(),1,1,19),
('입양자', '장점','평균비용','2022-03',now(),'단점','MALE',1,'100000','테스트','YES','이유','서울',1,'SAVE',1,'https://encrypted-tbn1.gstatic.com/licensed-image?q=tbn:ANd9GcREj22c-wMNL5IDmU99v8G7voUl17Yxm0JJqMLqttdPT4DnaB99zqVK7HWiNzjP3aZnzCEf-ikAqb2yiDk',now(),1,1,20),
('입양자', '장점','평균비용','2022-03',now(),'단점','MALE',1,'100000','테스트','YES','이유','서울',1,'SAVE',1,'https://encrypted-tbn1.gstatic.com/licensed-image?q=tbn:ANd9GcREj22c-wMNL5IDmU99v8G7voUl17Yxm0JJqMLqttdPT4DnaB99zqVK7HWiNzjP3aZnzCEf-ikAqb2yiDk',now(),1,1,21),
('입양자', '장점','평균비용','2022-03',now(),'단점','MALE',1,'100000','테스트','YES','이유','서울',1,'SAVE',1,'https://encrypted-tbn1.gstatic.com/licensed-image?q=tbn:ANd9GcREj22c-wMNL5IDmU99v8G7voUl17Yxm0JJqMLqttdPT4DnaB99zqVK7HWiNzjP3aZnzCEf-ikAqb2yiDk',now(),1,1,22),
('입양자', '장점','평균비용','2022-03',now(),'단점','MALE',1,'100000','테스트','YES','이유','서울',1,'SAVE',1,'https://encrypted-tbn1.gstatic.com/licensed-image?q=tbn:ANd9GcREj22c-wMNL5IDmU99v8G7voUl17Yxm0JJqMLqttdPT4DnaB99zqVK7HWiNzjP3aZnzCEf-ikAqb2yiDk',now(),1,1,23),
('입양자', '장점','평균비용','2022-03',now(),'단점','MALE',1,'100000','테스트','YES','이유','서울',1,'SAVE',1,'https://encrypted-tbn1.gstatic.com/licensed-image?q=tbn:ANd9GcREj22c-wMNL5IDmU99v8G7voUl17Yxm0JJqMLqttdPT4DnaB99zqVK7HWiNzjP3aZnzCEf-ikAqb2yiDk',now(),1,1,24),
('입양자', '장점','평균비용','2022-03',now(),'단점','MALE',1,'100000','테스트','YES','이유','서울',1,'SAVE',1,'https://encrypted-tbn1.gstatic.com/licensed-image?q=tbn:ANd9GcREj22c-wMNL5IDmU99v8G7voUl17Yxm0JJqMLqttdPT4DnaB99zqVK7HWiNzjP3aZnzCEf-ikAqb2yiDk',now(),1,1,25),
('입양자', '장점','평균비용','2022-03',now(),'단점','MALE',1,'100000','테스트','YES','이유','서울',1,'SAVE',1,'https://encrypted-tbn1.gstatic.com/licensed-image?q=tbn:ANd9GcREj22c-wMNL5IDmU99v8G7voUl17Yxm0JJqMLqttdPT4DnaB99zqVK7HWiNzjP3aZnzCEf-ikAqb2yiDk',now(),1,1,26),
('입양자', '장점','평균비용','2022-03',now(),'단점','MALE',1,'100000','테스트','YES','이유','서울',1,'SAVE',1,'https://encrypted-tbn1.gstatic.com/licensed-image?q=tbn:ANd9GcREj22c-wMNL5IDmU99v8G7voUl17Yxm0JJqMLqttdPT4DnaB99zqVK7HWiNzjP3aZnzCEf-ikAqb2yiDk',now(),1,1,27),
('입양자', '장점','평균비용','2022-03',now(),'단점','MALE',1,'100000','테스트','YES','이유','서울',1,'SAVE',1,'https://encrypted-tbn1.gstatic.com/licensed-image?q=tbn:ANd9GcREj22c-wMNL5IDmU99v8G7voUl17Yxm0JJqMLqttdPT4DnaB99zqVK7HWiNzjP3aZnzCEf-ikAqb2yiDk',now(),1,1,28),
('입양자', '장점','평균비용','2022-03',now(),'단점','MALE',1,'100000','테스트','YES','이유','서울',1,'SAVE',1,'https://encrypted-tbn1.gstatic.com/licensed-image?q=tbn:ANd9GcREj22c-wMNL5IDmU99v8G7voUl17Yxm0JJqMLqttdPT4DnaB99zqVK7HWiNzjP3aZnzCEf-ikAqb2yiDk',now(),1,1,29),
('입양자', '장점','평균비용','2022-03',now(),'단점','MALE',1,'100000','테스트','YES','이유','서울',1,'SAVE',1,'https://encrypted-tbn1.gstatic.com/licensed-image?q=tbn:ANd9GcREj22c-wMNL5IDmU99v8G7voUl17Yxm0JJqMLqttdPT4DnaB99zqVK7HWiNzjP3aZnzCEf-ikAqb2yiDk',now(),1,1,30),
('입양자', '장점','평균비용','2022-03',now(),'단점','MALE',1,'100000','테스트','YES','이유','서울',1,'SAVE',1,'https://encrypted-tbn1.gstatic.com/licensed-image?q=tbn:ANd9GcREj22c-wMNL5IDmU99v8G7voUl17Yxm0JJqMLqttdPT4DnaB99zqVK7HWiNzjP3aZnzCEf-ikAqb2yiDk',now(),1,1,31),
('입양자', '장점','평균비용','2022-03',now(),'단점','MALE',1,'100000','테스트','YES','이유','서울',1,'SAVE',1,'https://encrypted-tbn1.gstatic.com/licensed-image?q=tbn:ANd9GcREj22c-wMNL5IDmU99v8G7voUl17Yxm0JJqMLqttdPT4DnaB99zqVK7HWiNzjP3aZnzCEf-ikAqb2yiDk',now(),1,1,32),
('입양자', '장점','평균비용','2022-03',now(),'단점','MALE',1,'100000','테스트','YES','이유','서울',1,'SAVE',1,'https://encrypted-tbn1.gstatic.com/licensed-image?q=tbn:ANd9GcREj22c-wMNL5IDmU99v8G7voUl17Yxm0JJqMLqttdPT4DnaB99zqVK7HWiNzjP3aZnzCEf-ikAqb2yiDk',now(),1,1,33),
('입양자', '장점','평균비용','2022-03',now(),'단점','MALE',1,'100000','테스트','YES','이유','서울',1,'SAVE',1,'https://encrypted-tbn1.gstatic.com/licensed-image?q=tbn:ANd9GcREj22c-wMNL5IDmU99v8G7voUl17Yxm0JJqMLqttdPT4DnaB99zqVK7HWiNzjP3aZnzCEf-ikAqb2yiDk',now(),1,1,34),
('입양자', '장점','평균비용','2022-03',now(),'단점','MALE',1,'100000','테스트','YES','이유','서울',1,'SAVE',1,'https://encrypted-tbn1.gstatic.com/licensed-image?q=tbn:ANd9GcREj22c-wMNL5IDmU99v8G7voUl17Yxm0JJqMLqttdPT4DnaB99zqVK7HWiNzjP3aZnzCEf-ikAqb2yiDk',now(),1,1,35),
('입양자', '장점','평균비용','2022-03',now(),'단점','MALE',1,'100000','테스트','YES','이유','서울',1,'SAVE',1,'https://encrypted-tbn1.gstatic.com/licensed-image?q=tbn:ANd9GcREj22c-wMNL5IDmU99v8G7voUl17Yxm0JJqMLqttdPT4DnaB99zqVK7HWiNzjP3aZnzCEf-ikAqb2yiDk',now(),1,1,36),
('입양자', '장점','평균비용','2022-03',now(),'단점','MALE',1,'100000','테스트','YES','이유','서울',1,'SAVE',1,'https://encrypted-tbn1.gstatic.com/licensed-image?q=tbn:ANd9GcREj22c-wMNL5IDmU99v8G7voUl17Yxm0JJqMLqttdPT4DnaB99zqVK7HWiNzjP3aZnzCEf-ikAqb2yiDk',now(),1,1,37),
('입양자', '장점','평균비용','2022-03',now(),'단점','MALE',1,'100000','테스트','YES','이유','서울',1,'SAVE',1,'https://encrypted-tbn1.gstatic.com/licensed-image?q=tbn:ANd9GcREj22c-wMNL5IDmU99v8G7voUl17Yxm0JJqMLqttdPT4DnaB99zqVK7HWiNzjP3aZnzCEf-ikAqb2yiDk',now(),1,1,38),
('입양자', '장점','평균비용','2022-03',now(),'단점','MALE',1,'100000','테스트','YES','이유','서울',1,'SAVE',1,'https://encrypted-tbn1.gstatic.com/licensed-image?q=tbn:ANd9GcREj22c-wMNL5IDmU99v8G7voUl17Yxm0JJqMLqttdPT4DnaB99zqVK7HWiNzjP3aZnzCEf-ikAqb2yiDk',now(),1,1,39),
('입양자', '장점','평균비용','2022-03',now(),'단점','MALE',1,'100000','테스트','YES','이유','서울',1,'SAVE',1,'https://encrypted-tbn1.gstatic.com/licensed-image?q=tbn:ANd9GcREj22c-wMNL5IDmU99v8G7voUl17Yxm0JJqMLqttdPT4DnaB99zqVK7HWiNzjP3aZnzCEf-ikAqb2yiDk',now(),1,1,40),
('입양자', '장점','평균비용','2022-03',now(),'단점','MALE',1,'100000','테스트','YES','이유','서울',1,'SAVE',1,'https://encrypted-tbn1.gstatic.com/licensed-image?q=tbn:ANd9GcREj22c-wMNL5IDmU99v8G7voUl17Yxm0JJqMLqttdPT4DnaB99zqVK7HWiNzjP3aZnzCEf-ikAqb2yiDk',now(),1,1,41),
('입양자', '장점','평균비용','2022-03',now(),'단점','MALE',1,'100000','테스트','YES','이유','서울',1,'SAVE',1,'https://encrypted-tbn1.gstatic.com/licensed-image?q=tbn:ANd9GcREj22c-wMNL5IDmU99v8G7voUl17Yxm0JJqMLqttdPT4DnaB99zqVK7HWiNzjP3aZnzCEf-ikAqb2yiDk',now(),1,1,42),
('입양자', '장점','평균비용','2022-03',now(),'단점','MALE',1,'100000','테스트','YES','이유','서울',1,'SAVE',1,'https://encrypted-tbn1.gstatic.com/licensed-image?q=tbn:ANd9GcREj22c-wMNL5IDmU99v8G7voUl17Yxm0JJqMLqttdPT4DnaB99zqVK7HWiNzjP3aZnzCEf-ikAqb2yiDk',now(),1,1,43),
('입양자', '장점','평균비용','2022-03',now(),'단점','MALE',1,'100000','테스트','YES','이유','서울',1,'SAVE',1,'https://encrypted-tbn1.gstatic.com/licensed-image?q=tbn:ANd9GcREj22c-wMNL5IDmU99v8G7voUl17Yxm0JJqMLqttdPT4DnaB99zqVK7HWiNzjP3aZnzCEf-ikAqb2yiDk',now(),1,1,44),
('입양자', '장점','평균비용','2022-03',now(),'단점','MALE',1,'100000','테스트','YES','이유','서울',1,'SAVE',1,'https://encrypted-tbn1.gstatic.com/licensed-image?q=tbn:ANd9GcREj22c-wMNL5IDmU99v8G7voUl17Yxm0JJqMLqttdPT4DnaB99zqVK7HWiNzjP3aZnzCEf-ikAqb2yiDk',now(),1,1,45),
('입양자', '장점','평균비용','2022-03',now(),'단점','MALE',1,'100000','테스트','YES','이유','서울',1,'SAVE',1,'https://encrypted-tbn1.gstatic.com/licensed-image?q=tbn:ANd9GcREj22c-wMNL5IDmU99v8G7voUl17Yxm0JJqMLqttdPT4DnaB99zqVK7HWiNzjP3aZnzCEf-ikAqb2yiDk',now(),1,1,46),
('입양자', '장점','평균비용','2022-03',now(),'단점','MALE',1,'100000','테스트','YES','이유','서울',1,'SAVE',1,'https://encrypted-tbn1.gstatic.com/licensed-image?q=tbn:ANd9GcREj22c-wMNL5IDmU99v8G7voUl17Yxm0JJqMLqttdPT4DnaB99zqVK7HWiNzjP3aZnzCEf-ikAqb2yiDk',now(),1,1,47),
('입양자', '장점','평균비용','2022-03',now(),'단점','MALE',1,'100000','테스트','YES','이유','서울',1,'SAVE',1,'https://encrypted-tbn1.gstatic.com/licensed-image?q=tbn:ANd9GcREj22c-wMNL5IDmU99v8G7voUl17Yxm0JJqMLqttdPT4DnaB99zqVK7HWiNzjP3aZnzCEf-ikAqb2yiDk',now(),1,1,48),
('입양자', '장점','평균비용','2022-03',now(),'단점','MALE',1,'100000','테스트','YES','이유','서울',1,'SAVE',1,'https://encrypted-tbn1.gstatic.com/licensed-image?q=tbn:ANd9GcREj22c-wMNL5IDmU99v8G7voUl17Yxm0JJqMLqttdPT4DnaB99zqVK7HWiNzjP3aZnzCEf-ikAqb2yiDk',now(),1,1,49),
('입양자', '장점','평균비용','2022-03',now(),'단점','MALE',1,'100000','테스트','YES','이유','서울',1,'SAVE',1,'https://encrypted-tbn1.gstatic.com/licensed-image?q=tbn:ANd9GcREj22c-wMNL5IDmU99v8G7voUl17Yxm0JJqMLqttdPT4DnaB99zqVK7HWiNzjP3aZnzCEf-ikAqb2yiDk',now(),1,1,50),
('입양자', '장점','평균비용','2022-03',now(),'단점','MALE',1,'100000','테스트','YES','이유','서울',1,'WAITING',1,'https://encrypted-tbn1.gstatic.com/licensed-image?q=tbn:ANd9GcREj22c-wMNL5IDmU99v8G7voUl17Yxm0JJqMLqttdPT4DnaB99zqVK7HWiNzjP3aZnzCEf-ikAqb2yiDk',now(),1,1,51),
('입양자', '장점','평균비용','2022-03',now(),'단점','MALE',1,'100000','테스트','YES','이유','서울',1,'WAITING',1,'https://encrypted-tbn1.gstatic.com/licensed-image?q=tbn:ANd9GcREj22c-wMNL5IDmU99v8G7voUl17Yxm0JJqMLqttdPT4DnaB99zqVK7HWiNzjP3aZnzCEf-ikAqb2yiDk',now(),1,1,52),
('입양자', '장점','평균비용','2022-03',now(),'단점','MALE',1,'100000','테스트','YES','이유','서울',1,'WAITING',1,'https://encrypted-tbn1.gstatic.com/licensed-image?q=tbn:ANd9GcREj22c-wMNL5IDmU99v8G7voUl17Yxm0JJqMLqttdPT4DnaB99zqVK7HWiNzjP3aZnzCEf-ikAqb2yiDk',now(),1,1,53),
('입양자', '장점','평균비용','2022-03',now(),'단점','MALE',1,'100000','테스트','YES','이유','서울',1,'WAITING',1,'https://encrypted-tbn1.gstatic.com/licensed-image?q=tbn:ANd9GcREj22c-wMNL5IDmU99v8G7voUl17Yxm0JJqMLqttdPT4DnaB99zqVK7HWiNzjP3aZnzCEf-ikAqb2yiDk',now(),1,1,54),
('입양자', '장점','평균비용','2022-03',now(),'단점','MALE',1,'100000','테스트','YES','이유','서울',1,'WAITING',1,'https://encrypted-tbn1.gstatic.com/licensed-image?q=tbn:ANd9GcREj22c-wMNL5IDmU99v8G7voUl17Yxm0JJqMLqttdPT4DnaB99zqVK7HWiNzjP3aZnzCEf-ikAqb2yiDk',now(),1,1,55),
('입양자', '장점','평균비용','2022-03',now(),'단점','MALE',1,'100000','테스트','YES','이유','서울',1,'WAITING',1,'https://encrypted-tbn1.gstatic.com/licensed-image?q=tbn:ANd9GcREj22c-wMNL5IDmU99v8G7voUl17Yxm0JJqMLqttdPT4DnaB99zqVK7HWiNzjP3aZnzCEf-ikAqb2yiDk',now(),1,1,56),
('입양자', '장점','평균비용','2022-03',now(),'단점','MALE',1,'100000','테스트','YES','이유','서울',1,'WAITING',1,'https://encrypted-tbn1.gstatic.com/licensed-image?q=tbn:ANd9GcREj22c-wMNL5IDmU99v8G7voUl17Yxm0JJqMLqttdPT4DnaB99zqVK7HWiNzjP3aZnzCEf-ikAqb2yiDk',now(),1,1,57),
('입양자', '장점','평균비용','2022-03',now(),'단점','MALE',1,'100000','테스트','YES','이유','서울',1,'WAITING',1,'https://encrypted-tbn1.gstatic.com/licensed-image?q=tbn:ANd9GcREj22c-wMNL5IDmU99v8G7voUl17Yxm0JJqMLqttdPT4DnaB99zqVK7HWiNzjP3aZnzCEf-ikAqb2yiDk',now(),1,1,58),
('입양자', '장점','평균비용','2022-03',now(),'단점','MALE',1,'100000','테스트','YES','이유','서울',1,'WAITING',1,'https://encrypted-tbn1.gstatic.com/licensed-image?q=tbn:ANd9GcREj22c-wMNL5IDmU99v8G7voUl17Yxm0JJqMLqttdPT4DnaB99zqVK7HWiNzjP3aZnzCEf-ikAqb2yiDk',now(),1,1,59),
('입양자', '장점','평균비용','2022-03',now(),'단점','MALE',1,'100000','테스트','YES','이유','서울',1,'WAITING',1,'https://encrypted-tbn1.gstatic.com/licensed-image?q=tbn:ANd9GcREj22c-wMNL5IDmU99v8G7voUl17Yxm0JJqMLqttdPT4DnaB99zqVK7HWiNzjP3aZnzCEf-ikAqb2yiDk',now(),1,1,60),
('입양자', '장점','평균비용','2022-03',now(),'단점','MALE',1,'100000','테스트','YES','이유','서울',1,'WAITING',1,'https://encrypted-tbn1.gstatic.com/licensed-image?q=tbn:ANd9GcREj22c-wMNL5IDmU99v8G7voUl17Yxm0JJqMLqttdPT4DnaB99zqVK7HWiNzjP3aZnzCEf-ikAqb2yiDk',now(),1,1,61),
('입양자', '장점','평균비용','2022-03',now(),'단점','MALE',1,'100000','테스트','YES','이유','서울',1,'WAITING',1,'https://encrypted-tbn1.gstatic.com/licensed-image?q=tbn:ANd9GcREj22c-wMNL5IDmU99v8G7voUl17Yxm0JJqMLqttdPT4DnaB99zqVK7HWiNzjP3aZnzCEf-ikAqb2yiDk',now(),1,1,62),
('입양자', '장점','평균비용','2022-03',now(),'단점','MALE',1,'100000','테스트','YES','이유','서울',1,'WAITING',1,'https://encrypted-tbn1.gstatic.com/licensed-image?q=tbn:ANd9GcREj22c-wMNL5IDmU99v8G7voUl17Yxm0JJqMLqttdPT4DnaB99zqVK7HWiNzjP3aZnzCEf-ikAqb2yiDk',now(),1,1,63),
('입양자', '장점','평균비용','2022-03',now(),'단점','MALE',1,'100000','테스트','YES','이유','서울',1,'WAITING',1,'https://encrypted-tbn1.gstatic.com/licensed-image?q=tbn:ANd9GcREj22c-wMNL5IDmU99v8G7voUl17Yxm0JJqMLqttdPT4DnaB99zqVK7HWiNzjP3aZnzCEf-ikAqb2yiDk',now(),1,1,64),
('입양자', '장점','평균비용','2022-03',now(),'단점','MALE',1,'100000','테스트','YES','이유','서울',1,'WAITING',1,'https://encrypted-tbn1.gstatic.com/licensed-image?q=tbn:ANd9GcREj22c-wMNL5IDmU99v8G7voUl17Yxm0JJqMLqttdPT4DnaB99zqVK7HWiNzjP3aZnzCEf-ikAqb2yiDk',now(),1,1,65),
('입양자', '장점','평균비용','2022-03',now(),'단점','MALE',1,'100000','테스트','YES','이유','서울',1,'WAITING',1,'https://encrypted-tbn1.gstatic.com/licensed-image?q=tbn:ANd9GcREj22c-wMNL5IDmU99v8G7voUl17Yxm0JJqMLqttdPT4DnaB99zqVK7HWiNzjP3aZnzCEf-ikAqb2yiDk',now(),1,1,66),
('입양자', '장점','평균비용','2022-03',now(),'단점','MALE',1,'100000','테스트','YES','이유','서울',1,'WAITING',1,'https://encrypted-tbn1.gstatic.com/licensed-image?q=tbn:ANd9GcREj22c-wMNL5IDmU99v8G7voUl17Yxm0JJqMLqttdPT4DnaB99zqVK7HWiNzjP3aZnzCEf-ikAqb2yiDk',now(),1,1,67),
('입양자', '장점','평균비용','2022-03',now(),'단점','MALE',1,'100000','테스트','YES','이유','서울',1,'WAITING',1,'https://encrypted-tbn1.gstatic.com/licensed-image?q=tbn:ANd9GcREj22c-wMNL5IDmU99v8G7voUl17Yxm0JJqMLqttdPT4DnaB99zqVK7HWiNzjP3aZnzCEf-ikAqb2yiDk',now(),1,1,68),
('입양자', '장점','평균비용','2022-03',now(),'단점','MALE',1,'100000','테스트','YES','이유','서울',1,'WAITING',1,'https://encrypted-tbn1.gstatic.com/licensed-image?q=tbn:ANd9GcREj22c-wMNL5IDmU99v8G7voUl17Yxm0JJqMLqttdPT4DnaB99zqVK7HWiNzjP3aZnzCEf-ikAqb2yiDk',now(),1,1,69),
('입양자', '장점','평균비용','2022-03',now(),'단점','MALE',1,'100000','테스트','YES','이유','서울',1,'WAITING',1,'https://encrypted-tbn1.gstatic.com/licensed-image?q=tbn:ANd9GcREj22c-wMNL5IDmU99v8G7voUl17Yxm0JJqMLqttdPT4DnaB99zqVK7HWiNzjP3aZnzCEf-ikAqb2yiDk',now(),1,1,70),
('입양자', '장점','평균비용','2022-03',now(),'단점','MALE',1,'100000','테스트','YES','이유','서울',1,'WAITING',1,'https://encrypted-tbn1.gstatic.com/licensed-image?q=tbn:ANd9GcREj22c-wMNL5IDmU99v8G7voUl17Yxm0JJqMLqttdPT4DnaB99zqVK7HWiNzjP3aZnzCEf-ikAqb2yiDk',now(),1,1,71),
('입양자', '장점','평균비용','2022-03',now(),'단점','MALE',1,'100000','테스트','YES','이유','서울',1,'WAITING',1,'https://encrypted-tbn1.gstatic.com/licensed-image?q=tbn:ANd9GcREj22c-wMNL5IDmU99v8G7voUl17Yxm0JJqMLqttdPT4DnaB99zqVK7HWiNzjP3aZnzCEf-ikAqb2yiDk',now(),1,1,72),
('입양자', '장점','평균비용','2022-03',now(),'단점','MALE',1,'100000','테스트','YES','이유','서울',1,'WAITING',1,'https://encrypted-tbn1.gstatic.com/licensed-image?q=tbn:ANd9GcREj22c-wMNL5IDmU99v8G7voUl17Yxm0JJqMLqttdPT4DnaB99zqVK7HWiNzjP3aZnzCEf-ikAqb2yiDk',now(),1,1,73),
('입양자', '장점','평균비용','2022-03',now(),'단점','MALE',1,'100000','테스트','YES','이유','서울',1,'WAITING',1,'https://encrypted-tbn1.gstatic.com/licensed-image?q=tbn:ANd9GcREj22c-wMNL5IDmU99v8G7voUl17Yxm0JJqMLqttdPT4DnaB99zqVK7HWiNzjP3aZnzCEf-ikAqb2yiDk',now(),1,1,74),
('입양자', '장점','평균비용','2022-03',now(),'단점','MALE',1,'100000','테스트','YES','이유','서울',1,'WAITING',1,'https://encrypted-tbn1.gstatic.com/licensed-image?q=tbn:ANd9GcREj22c-wMNL5IDmU99v8G7voUl17Yxm0JJqMLqttdPT4DnaB99zqVK7HWiNzjP3aZnzCEf-ikAqb2yiDk',now(),1,1,75),
('입양자', '장점','평균비용','2022-03',now(),'단점','MALE',1,'100000','테스트','YES','이유','서울',1,'WAITING',1,'https://encrypted-tbn1.gstatic.com/licensed-image?q=tbn:ANd9GcREj22c-wMNL5IDmU99v8G7voUl17Yxm0JJqMLqttdPT4DnaB99zqVK7HWiNzjP3aZnzCEf-ikAqb2yiDk',now(),1,1,76),
('입양자', '장점','평균비용','2022-03',now(),'단점','MALE',1,'100000','테스트','YES','이유','서울',1,'WAITING',1,'https://encrypted-tbn1.gstatic.com/licensed-image?q=tbn:ANd9GcREj22c-wMNL5IDmU99v8G7voUl17Yxm0JJqMLqttdPT4DnaB99zqVK7HWiNzjP3aZnzCEf-ikAqb2yiDk',now(),1,1,77),
('입양자', '장점','평균비용','2022-03',now(),'단점','MALE',1,'100000','테스트','YES','이유','서울',1,'WAITING',1,'https://encrypted-tbn1.gstatic.com/licensed-image?q=tbn:ANd9GcREj22c-wMNL5IDmU99v8G7voUl17Yxm0JJqMLqttdPT4DnaB99zqVK7HWiNzjP3aZnzCEf-ikAqb2yiDk',now(),1,1,78),
('입양자', '장점','평균비용','2022-03',now(),'단점','MALE',1,'100000','테스트','YES','이유','서울',1,'WAITING',1,'https://encrypted-tbn1.gstatic.com/licensed-image?q=tbn:ANd9GcREj22c-wMNL5IDmU99v8G7voUl17Yxm0JJqMLqttdPT4DnaB99zqVK7HWiNzjP3aZnzCEf-ikAqb2yiDk',now(),1,1,79),
('입양자', '장점','평균비용','2022-03',now(),'단점','MALE',1,'100000','테스트','YES','이유','서울',1,'WAITING',1,'https://encrypted-tbn1.gstatic.com/licensed-image?q=tbn:ANd9GcREj22c-wMNL5IDmU99v8G7voUl17Yxm0JJqMLqttdPT4DnaB99zqVK7HWiNzjP3aZnzCEf-ikAqb2yiDk',now(),1,1,80),
('입양자', '장점','평균비용','2022-03',now(),'단점','MALE',1,'100000','테스트','YES','이유','서울',1,'WAITING',1,'https://encrypted-tbn1.gstatic.com/licensed-image?q=tbn:ANd9GcREj22c-wMNL5IDmU99v8G7voUl17Yxm0JJqMLqttdPT4DnaB99zqVK7HWiNzjP3aZnzCEf-ikAqb2yiDk',now(),1,1,81),
('입양자', '장점','평균비용','2022-03',now(),'단점','MALE',1,'100000','테스트','YES','이유','서울',1,'WAITING',1,'https://encrypted-tbn1.gstatic.com/licensed-image?q=tbn:ANd9GcREj22c-wMNL5IDmU99v8G7voUl17Yxm0JJqMLqttdPT4DnaB99zqVK7HWiNzjP3aZnzCEf-ikAqb2yiDk',now(),1,1,82),
('입양자', '장점','평균비용','2022-03',now(),'단점','MALE',1,'100000','테스트','YES','이유','서울',1,'WAITING',1,'https://encrypted-tbn1.gstatic.com/licensed-image?q=tbn:ANd9GcREj22c-wMNL5IDmU99v8G7voUl17Yxm0JJqMLqttdPT4DnaB99zqVK7HWiNzjP3aZnzCEf-ikAqb2yiDk',now(),1,1,83),
('입양자', '장점','평균비용','2022-03',now(),'단점','MALE',1,'100000','테스트','YES','이유','서울',1,'WAITING',1,'https://encrypted-tbn1.gstatic.com/licensed-image?q=tbn:ANd9GcREj22c-wMNL5IDmU99v8G7voUl17Yxm0JJqMLqttdPT4DnaB99zqVK7HWiNzjP3aZnzCEf-ikAqb2yiDk',now(),1,1,84),
('입양자', '장점','평균비용','2022-03',now(),'단점','MALE',1,'100000','테스트','YES','이유','서울',1,'WAITING',1,'https://encrypted-tbn1.gstatic.com/licensed-image?q=tbn:ANd9GcREj22c-wMNL5IDmU99v8G7voUl17Yxm0JJqMLqttdPT4DnaB99zqVK7HWiNzjP3aZnzCEf-ikAqb2yiDk',now(),1,1,85),
('입양자', '장점','평균비용','2022-03',now(),'단점','MALE',1,'100000','테스트','YES','이유','서울',1,'WAITING',1,'https://encrypted-tbn1.gstatic.com/licensed-image?q=tbn:ANd9GcREj22c-wMNL5IDmU99v8G7voUl17Yxm0JJqMLqttdPT4DnaB99zqVK7HWiNzjP3aZnzCEf-ikAqb2yiDk',now(),1,1,86),
('입양자', '장점','평균비용','2022-03',now(),'단점','MALE',1,'100000','테스트','YES','이유','서울',1,'WAITING',1,'https://encrypted-tbn1.gstatic.com/licensed-image?q=tbn:ANd9GcREj22c-wMNL5IDmU99v8G7voUl17Yxm0JJqMLqttdPT4DnaB99zqVK7HWiNzjP3aZnzCEf-ikAqb2yiDk',now(),1,1,87),
('입양자', '장점','평균비용','2022-03',now(),'단점','MALE',1,'100000','테스트','YES','이유','서울',1,'WAITING',1,'https://encrypted-tbn1.gstatic.com/licensed-image?q=tbn:ANd9GcREj22c-wMNL5IDmU99v8G7voUl17Yxm0JJqMLqttdPT4DnaB99zqVK7HWiNzjP3aZnzCEf-ikAqb2yiDk',now(),1,1,88),
('입양자', '장점','평균비용','2022-03',now(),'단점','MALE',1,'100000','테스트','YES','이유','서울',1,'WAITING',1,'https://encrypted-tbn1.gstatic.com/licensed-image?q=tbn:ANd9GcREj22c-wMNL5IDmU99v8G7voUl17Yxm0JJqMLqttdPT4DnaB99zqVK7HWiNzjP3aZnzCEf-ikAqb2yiDk',now(),1,1,89),
('입양자', '장점','평균비용','2022-03',now(),'단점','MALE',1,'100000','테스트','YES','이유','서울',1,'WAITING',1,'https://encrypted-tbn1.gstatic.com/licensed-image?q=tbn:ANd9GcREj22c-wMNL5IDmU99v8G7voUl17Yxm0JJqMLqttdPT4DnaB99zqVK7HWiNzjP3aZnzCEf-ikAqb2yiDk',now(),1,1,90),
('입양자', '장점','평균비용','2022-03',now(),'단점','MALE',1,'100000','테스트','YES','이유','서울',1,'WAITING',1,'https://encrypted-tbn1.gstatic.com/licensed-image?q=tbn:ANd9GcREj22c-wMNL5IDmU99v8G7voUl17Yxm0JJqMLqttdPT4DnaB99zqVK7HWiNzjP3aZnzCEf-ikAqb2yiDk',now(),1,1,91),
('입양자', '장점','평균비용','2022-03',now(),'단점','MALE',1,'100000','테스트','YES','이유','서울',1,'WAITING',1,'https://encrypted-tbn1.gstatic.com/licensed-image?q=tbn:ANd9GcREj22c-wMNL5IDmU99v8G7voUl17Yxm0JJqMLqttdPT4DnaB99zqVK7HWiNzjP3aZnzCEf-ikAqb2yiDk',now(),1,1,92),
('입양자', '장점','평균비용','2022-03',now(),'단점','MALE',1,'100000','테스트','YES','이유','서울',1,'WAITING',1,'https://encrypted-tbn1.gstatic.com/licensed-image?q=tbn:ANd9GcREj22c-wMNL5IDmU99v8G7voUl17Yxm0JJqMLqttdPT4DnaB99zqVK7HWiNzjP3aZnzCEf-ikAqb2yiDk',now(),1,1,93),
('입양자', '장점','평균비용','2022-03',now(),'단점','MALE',1,'100000','테스트','YES','이유','서울',1,'WAITING',1,'https://encrypted-tbn1.gstatic.com/licensed-image?q=tbn:ANd9GcREj22c-wMNL5IDmU99v8G7voUl17Yxm0JJqMLqttdPT4DnaB99zqVK7HWiNzjP3aZnzCEf-ikAqb2yiDk',now(),1,1,94),
('입양자', '장점','평균비용','2022-03',now(),'단점','MALE',1,'100000','테스트','YES','이유','서울',1,'WAITING',1,'https://encrypted-tbn1.gstatic.com/licensed-image?q=tbn:ANd9GcREj22c-wMNL5IDmU99v8G7voUl17Yxm0JJqMLqttdPT4DnaB99zqVK7HWiNzjP3aZnzCEf-ikAqb2yiDk',now(),1,1,95),
('입양자', '장점','평균비용','2022-03',now(),'단점','MALE',1,'100000','테스트','YES','이유','서울',1,'WAITING',1,'https://encrypted-tbn1.gstatic.com/licensed-image?q=tbn:ANd9GcREj22c-wMNL5IDmU99v8G7voUl17Yxm0JJqMLqttdPT4DnaB99zqVK7HWiNzjP3aZnzCEf-ikAqb2yiDk',now(),1,1,96),
('입양자', '장점','평균비용','2022-03',now(),'단점','MALE',1,'100000','테스트','YES','이유','서울',1,'WAITING',1,'https://encrypted-tbn1.gstatic.com/licensed-image?q=tbn:ANd9GcREj22c-wMNL5IDmU99v8G7voUl17Yxm0JJqMLqttdPT4DnaB99zqVK7HWiNzjP3aZnzCEf-ikAqb2yiDk',now(),1,1,97),
('입양자', '장점','평균비용','2022-03',now(),'단점','MALE',1,'100000','테스트','YES','이유','서울',1,'WAITING',1,'https://encrypted-tbn1.gstatic.com/licensed-image?q=tbn:ANd9GcREj22c-wMNL5IDmU99v8G7voUl17Yxm0JJqMLqttdPT4DnaB99zqVK7HWiNzjP3aZnzCEf-ikAqb2yiDk',now(),1,1,98),
('입양자', '장점','평균비용','2022-03',now(),'단점','MALE',1,'100000','테스트','YES','이유','서울',1,'WAITING',1,'https://encrypted-tbn1.gstatic.com/licensed-image?q=tbn:ANd9GcREj22c-wMNL5IDmU99v8G7voUl17Yxm0JJqMLqttdPT4DnaB99zqVK7HWiNzjP3aZnzCEf-ikAqb2yiDk',now(),1,1,99),
('입양자', '장점','평균비용','2022-03',now(),'단점','MALE',1,'100000','테스트','YES','이유','서울',1,'WAITING',1,'https://encrypted-tbn1.gstatic.com/licensed-image?q=tbn:ANd9GcREj22c-wMNL5IDmU99v8G7voUl17Yxm0JJqMLqttdPT4DnaB99zqVK7HWiNzjP3aZnzCEf-ikAqb2yiDk',now(),1,1,100),
('입양자', '장점','평균비용','2022-03',now(),'단점','MALE',1,'100000','테스트','YES','이유','서울',1,'COMPLETE',1,'https://encrypted-tbn1.gstatic.com/licensed-image?q=tbn:ANd9GcREj22c-wMNL5IDmU99v8G7voUl17Yxm0JJqMLqttdPT4DnaB99zqVK7HWiNzjP3aZnzCEf-ikAqb2yiDk',now(),1,1,101),
('입양자', '장점','평균비용','2022-03',now(),'단점','MALE',1,'100000','테스트','YES','이유','서울',1,'COMPLETE',1,'https://encrypted-tbn1.gstatic.com/licensed-image?q=tbn:ANd9GcREj22c-wMNL5IDmU99v8G7voUl17Yxm0JJqMLqttdPT4DnaB99zqVK7HWiNzjP3aZnzCEf-ikAqb2yiDk',now(),1,1,102),
('입양자', '장점','평균비용','2022-03',now(),'단점','MALE',1,'100000','테스트','YES','이유','서울',1,'COMPLETE',1,'https://encrypted-tbn1.gstatic.com/licensed-image?q=tbn:ANd9GcREj22c-wMNL5IDmU99v8G7voUl17Yxm0JJqMLqttdPT4DnaB99zqVK7HWiNzjP3aZnzCEf-ikAqb2yiDk',now(),1,1,103),
('입양자', '장점','평균비용','2022-03',now(),'단점','MALE',1,'100000','테스트','YES','이유','서울',1,'COMPLETE',1,'https://encrypted-tbn1.gstatic.com/licensed-image?q=tbn:ANd9GcREj22c-wMNL5IDmU99v8G7voUl17Yxm0JJqMLqttdPT4DnaB99zqVK7HWiNzjP3aZnzCEf-ikAqb2yiDk',now(),1,1,104),
('입양자', '장점','평균비용','2022-03',now(),'단점','MALE',1,'100000','테스트','YES','이유','서울',1,'COMPLETE',1,'https://encrypted-tbn1.gstatic.com/licensed-image?q=tbn:ANd9GcREj22c-wMNL5IDmU99v8G7voUl17Yxm0JJqMLqttdPT4DnaB99zqVK7HWiNzjP3aZnzCEf-ikAqb2yiDk',now(),1,1,105),
('입양자', '장점','평균비용','2022-03',now(),'단점','MALE',1,'100000','테스트','YES','이유','서울',1,'COMPLETE',1,'https://encrypted-tbn1.gstatic.com/licensed-image?q=tbn:ANd9GcREj22c-wMNL5IDmU99v8G7voUl17Yxm0JJqMLqttdPT4DnaB99zqVK7HWiNzjP3aZnzCEf-ikAqb2yiDk',now(),1,1,106),
('입양자', '장점','평균비용','2022-03',now(),'단점','MALE',1,'100000','테스트','YES','이유','서울',1,'COMPLETE',1,'https://encrypted-tbn1.gstatic.com/licensed-image?q=tbn:ANd9GcREj22c-wMNL5IDmU99v8G7voUl17Yxm0JJqMLqttdPT4DnaB99zqVK7HWiNzjP3aZnzCEf-ikAqb2yiDk',now(),1,1,107),
('입양자', '장점','평균비용','2022-03',now(),'단점','MALE',1,'100000','테스트','YES','이유','서울',1,'COMPLETE',1,'https://encrypted-tbn1.gstatic.com/licensed-image?q=tbn:ANd9GcREj22c-wMNL5IDmU99v8G7voUl17Yxm0JJqMLqttdPT4DnaB99zqVK7HWiNzjP3aZnzCEf-ikAqb2yiDk',now(),1,1,108),
('입양자', '장점','평균비용','2022-03',now(),'단점','MALE',1,'100000','테스트','YES','이유','서울',1,'COMPLETE',1,'https://encrypted-tbn1.gstatic.com/licensed-image?q=tbn:ANd9GcREj22c-wMNL5IDmU99v8G7voUl17Yxm0JJqMLqttdPT4DnaB99zqVK7HWiNzjP3aZnzCEf-ikAqb2yiDk',now(),1,1,109),
('입양자', '장점','평균비용','2022-03',now(),'단점','MALE',1,'100000','테스트','YES','이유','서울',1,'COMPLETE',1,'https://encrypted-tbn1.gstatic.com/licensed-image?q=tbn:ANd9GcREj22c-wMNL5IDmU99v8G7voUl17Yxm0JJqMLqttdPT4DnaB99zqVK7HWiNzjP3aZnzCEf-ikAqb2yiDk',now(),1,1,110),
('입양자', '장점','평균비용','2022-03',now(),'단점','MALE',1,'100000','테스트','YES','이유','서울',1,'COMPLETE',1,'https://encrypted-tbn1.gstatic.com/licensed-image?q=tbn:ANd9GcREj22c-wMNL5IDmU99v8G7voUl17Yxm0JJqMLqttdPT4DnaB99zqVK7HWiNzjP3aZnzCEf-ikAqb2yiDk',now(),1,1,111),
('입양자', '장점','평균비용','2022-03',now(),'단점','MALE',1,'100000','테스트','YES','이유','서울',1,'COMPLETE',1,'https://encrypted-tbn1.gstatic.com/licensed-image?q=tbn:ANd9GcREj22c-wMNL5IDmU99v8G7voUl17Yxm0JJqMLqttdPT4DnaB99zqVK7HWiNzjP3aZnzCEf-ikAqb2yiDk',now(),1,1,112),
('입양자', '장점','평균비용','2022-03',now(),'단점','MALE',1,'100000','테스트','YES','이유','서울',1,'COMPLETE',1,'https://encrypted-tbn1.gstatic.com/licensed-image?q=tbn:ANd9GcREj22c-wMNL5IDmU99v8G7voUl17Yxm0JJqMLqttdPT4DnaB99zqVK7HWiNzjP3aZnzCEf-ikAqb2yiDk',now(),1,1,113),
('입양자', '장점','평균비용','2022-03',now(),'단점','MALE',1,'100000','테스트','YES','이유','서울',1,'COMPLETE',1,'https://encrypted-tbn1.gstatic.com/licensed-image?q=tbn:ANd9GcREj22c-wMNL5IDmU99v8G7voUl17Yxm0JJqMLqttdPT4DnaB99zqVK7HWiNzjP3aZnzCEf-ikAqb2yiDk',now(),1,1,114),
('입양자', '장점','평균비용','2022-03',now(),'단점','MALE',1,'100000','테스트','YES','이유','서울',1,'COMPLETE',1,'https://encrypted-tbn1.gstatic.com/licensed-image?q=tbn:ANd9GcREj22c-wMNL5IDmU99v8G7voUl17Yxm0JJqMLqttdPT4DnaB99zqVK7HWiNzjP3aZnzCEf-ikAqb2yiDk',now(),1,1,115),
('입양자', '장점','평균비용','2022-03',now(),'단점','MALE',1,'100000','테스트','YES','이유','서울',1,'COMPLETE',1,'https://encrypted-tbn1.gstatic.com/licensed-image?q=tbn:ANd9GcREj22c-wMNL5IDmU99v8G7voUl17Yxm0JJqMLqttdPT4DnaB99zqVK7HWiNzjP3aZnzCEf-ikAqb2yiDk',now(),1,1,116),
('입양자', '장점','평균비용','2022-03',now(),'단점','MALE',1,'100000','테스트','YES','이유','서울',1,'COMPLETE',1,'https://encrypted-tbn1.gstatic.com/licensed-image?q=tbn:ANd9GcREj22c-wMNL5IDmU99v8G7voUl17Yxm0JJqMLqttdPT4DnaB99zqVK7HWiNzjP3aZnzCEf-ikAqb2yiDk',now(),1,1,117),
('입양자', '장점','평균비용','2022-03',now(),'단점','MALE',1,'100000','테스트','YES','이유','서울',1,'COMPLETE',1,'https://encrypted-tbn1.gstatic.com/licensed-image?q=tbn:ANd9GcREj22c-wMNL5IDmU99v8G7voUl17Yxm0JJqMLqttdPT4DnaB99zqVK7HWiNzjP3aZnzCEf-ikAqb2yiDk',now(),1,1,118),
('입양자', '장점','평균비용','2022-03',now(),'단점','MALE',1,'100000','테스트','YES','이유','서울',1,'COMPLETE',1,'https://encrypted-tbn1.gstatic.com/licensed-image?q=tbn:ANd9GcREj22c-wMNL5IDmU99v8G7voUl17Yxm0JJqMLqttdPT4DnaB99zqVK7HWiNzjP3aZnzCEf-ikAqb2yiDk',now(),1,1,119),
('입양자', '장점','평균비용','2022-03',now(),'단점','MALE',1,'100000','테스트','YES','이유','서울',1,'COMPLETE',1,'https://encrypted-tbn1.gstatic.com/licensed-image?q=tbn:ANd9GcREj22c-wMNL5IDmU99v8G7voUl17Yxm0JJqMLqttdPT4DnaB99zqVK7HWiNzjP3aZnzCEf-ikAqb2yiDk',now(),1,1,120),
('입양자', '장점','평균비용','2022-03',now(),'단점','MALE',1,'100000','테스트','YES','이유','서울',1,'COMPLETE',1,'https://encrypted-tbn1.gstatic.com/licensed-image?q=tbn:ANd9GcREj22c-wMNL5IDmU99v8G7voUl17Yxm0JJqMLqttdPT4DnaB99zqVK7HWiNzjP3aZnzCEf-ikAqb2yiDk',now(),1,1,121),
('입양자', '장점','평균비용','2022-03',now(),'단점','MALE',1,'100000','테스트','YES','이유','서울',1,'COMPLETE',1,'https://encrypted-tbn1.gstatic.com/licensed-image?q=tbn:ANd9GcREj22c-wMNL5IDmU99v8G7voUl17Yxm0JJqMLqttdPT4DnaB99zqVK7HWiNzjP3aZnzCEf-ikAqb2yiDk',now(),1,1,122),
('입양자', '장점','평균비용','2022-03',now(),'단점','MALE',1,'100000','테스트','YES','이유','서울',1,'COMPLETE',1,'https://encrypted-tbn1.gstatic.com/licensed-image?q=tbn:ANd9GcREj22c-wMNL5IDmU99v8G7voUl17Yxm0JJqMLqttdPT4DnaB99zqVK7HWiNzjP3aZnzCEf-ikAqb2yiDk',now(),1,1,123),
('입양자', '장점','평균비용','2022-03',now(),'단점','MALE',1,'100000','테스트','YES','이유','서울',1,'COMPLETE',1,'https://encrypted-tbn1.gstatic.com/licensed-image?q=tbn:ANd9GcREj22c-wMNL5IDmU99v8G7voUl17Yxm0JJqMLqttdPT4DnaB99zqVK7HWiNzjP3aZnzCEf-ikAqb2yiDk',now(),1,1,124),
('입양자', '장점','평균비용','2022-03',now(),'단점','MALE',1,'100000','테스트','YES','이유','서울',1,'COMPLETE',1,'https://encrypted-tbn1.gstatic.com/licensed-image?q=tbn:ANd9GcREj22c-wMNL5IDmU99v8G7voUl17Yxm0JJqMLqttdPT4DnaB99zqVK7HWiNzjP3aZnzCEf-ikAqb2yiDk',now(),1,1,125),
('입양자', '장점','평균비용','2022-03',now(),'단점','MALE',1,'100000','테스트','YES','이유','서울',1,'COMPLETE',1,'https://encrypted-tbn1.gstatic.com/licensed-image?q=tbn:ANd9GcREj22c-wMNL5IDmU99v8G7voUl17Yxm0JJqMLqttdPT4DnaB99zqVK7HWiNzjP3aZnzCEf-ikAqb2yiDk',now(),1,1,126),
('입양자', '장점','평균비용','2022-03',now(),'단점','MALE',1,'100000','테스트','YES','이유','서울',1,'COMPLETE',1,'https://encrypted-tbn1.gstatic.com/licensed-image?q=tbn:ANd9GcREj22c-wMNL5IDmU99v8G7voUl17Yxm0JJqMLqttdPT4DnaB99zqVK7HWiNzjP3aZnzCEf-ikAqb2yiDk',now(),1,1,127),
('입양자', '장점','평균비용','2022-03',now(),'단점','MALE',1,'100000','테스트','YES','이유','서울',1,'COMPLETE',1,'https://encrypted-tbn1.gstatic.com/licensed-image?q=tbn:ANd9GcREj22c-wMNL5IDmU99v8G7voUl17Yxm0JJqMLqttdPT4DnaB99zqVK7HWiNzjP3aZnzCEf-ikAqb2yiDk',now(),1,1,128),
('입양자', '장점','평균비용','2022-03',now(),'단점','MALE',1,'100000','테스트','YES','이유','서울',1,'COMPLETE',1,'https://encrypted-tbn1.gstatic.com/licensed-image?q=tbn:ANd9GcREj22c-wMNL5IDmU99v8G7voUl17Yxm0JJqMLqttdPT4DnaB99zqVK7HWiNzjP3aZnzCEf-ikAqb2yiDk',now(),1,1,129),
('입양자', '장점','평균비용','2022-03',now(),'단점','MALE',1,'100000','테스트','YES','이유','서울',1,'COMPLETE',1,'https://encrypted-tbn1.gstatic.com/licensed-image?q=tbn:ANd9GcREj22c-wMNL5IDmU99v8G7voUl17Yxm0JJqMLqttdPT4DnaB99zqVK7HWiNzjP3aZnzCEf-ikAqb2yiDk',now(),1,1,130),
('입양자', '장점','평균비용','2022-03',now(),'단점','MALE',1,'100000','테스트','YES','이유','서울',1,'COMPLETE',1,'https://encrypted-tbn1.gstatic.com/licensed-image?q=tbn:ANd9GcREj22c-wMNL5IDmU99v8G7voUl17Yxm0JJqMLqttdPT4DnaB99zqVK7HWiNzjP3aZnzCEf-ikAqb2yiDk',now(),1,1,131),
('입양자', '장점','평균비용','2022-03',now(),'단점','MALE',1,'100000','테스트','YES','이유','서울',1,'COMPLETE',1,'https://encrypted-tbn1.gstatic.com/licensed-image?q=tbn:ANd9GcREj22c-wMNL5IDmU99v8G7voUl17Yxm0JJqMLqttdPT4DnaB99zqVK7HWiNzjP3aZnzCEf-ikAqb2yiDk',now(),1,1,132),
('입양자', '장점','평균비용','2022-03',now(),'단점','MALE',1,'100000','테스트','YES','이유','서울',1,'COMPLETE',1,'https://encrypted-tbn1.gstatic.com/licensed-image?q=tbn:ANd9GcREj22c-wMNL5IDmU99v8G7voUl17Yxm0JJqMLqttdPT4DnaB99zqVK7HWiNzjP3aZnzCEf-ikAqb2yiDk',now(),1,1,133),
('입양자', '장점','평균비용','2022-03',now(),'단점','MALE',1,'100000','테스트','YES','이유','서울',1,'COMPLETE',1,'https://encrypted-tbn1.gstatic.com/licensed-image?q=tbn:ANd9GcREj22c-wMNL5IDmU99v8G7voUl17Yxm0JJqMLqttdPT4DnaB99zqVK7HWiNzjP3aZnzCEf-ikAqb2yiDk',now(),1,1,134),
('입양자', '장점','평균비용','2022-03',now(),'단점','MALE',1,'100000','테스트','YES','이유','서울',1,'COMPLETE',1,'https://encrypted-tbn1.gstatic.com/licensed-image?q=tbn:ANd9GcREj22c-wMNL5IDmU99v8G7voUl17Yxm0JJqMLqttdPT4DnaB99zqVK7HWiNzjP3aZnzCEf-ikAqb2yiDk',now(),1,1,135),
('입양자', '장점','평균비용','2022-03',now(),'단점','MALE',1,'100000','테스트','YES','이유','서울',1,'COMPLETE',1,'https://encrypted-tbn1.gstatic.com/licensed-image?q=tbn:ANd9GcREj22c-wMNL5IDmU99v8G7voUl17Yxm0JJqMLqttdPT4DnaB99zqVK7HWiNzjP3aZnzCEf-ikAqb2yiDk',now(),1,1,136),
('입양자', '장점','평균비용','2022-03',now(),'단점','MALE',1,'100000','테스트','YES','이유','서울',1,'COMPLETE',1,'https://encrypted-tbn1.gstatic.com/licensed-image?q=tbn:ANd9GcREj22c-wMNL5IDmU99v8G7voUl17Yxm0JJqMLqttdPT4DnaB99zqVK7HWiNzjP3aZnzCEf-ikAqb2yiDk',now(),1,1,137),
('입양자', '장점','평균비용','2022-03',now(),'단점','MALE',1,'100000','테스트','YES','이유','서울',1,'COMPLETE',1,'https://encrypted-tbn1.gstatic.com/licensed-image?q=tbn:ANd9GcREj22c-wMNL5IDmU99v8G7voUl17Yxm0JJqMLqttdPT4DnaB99zqVK7HWiNzjP3aZnzCEf-ikAqb2yiDk',now(),1,1,138),
('입양자', '장점','평균비용','2022-03',now(),'단점','MALE',1,'100000','테스트','YES','이유','서울',1,'COMPLETE',1,'https://encrypted-tbn1.gstatic.com/licensed-image?q=tbn:ANd9GcREj22c-wMNL5IDmU99v8G7voUl17Yxm0JJqMLqttdPT4DnaB99zqVK7HWiNzjP3aZnzCEf-ikAqb2yiDk',now(),1,1,139),
('입양자', '장점','평균비용','2022-03',now(),'단점','MALE',1,'100000','테스트','YES','이유','서울',1,'COMPLETE',1,'https://encrypted-tbn1.gstatic.com/licensed-image?q=tbn:ANd9GcREj22c-wMNL5IDmU99v8G7voUl17Yxm0JJqMLqttdPT4DnaB99zqVK7HWiNzjP3aZnzCEf-ikAqb2yiDk',now(),1,1,140),
('입양자', '장점','평균비용','2022-03',now(),'단점','MALE',1,'100000','테스트','YES','이유','서울',1,'COMPLETE',1,'https://encrypted-tbn1.gstatic.com/licensed-image?q=tbn:ANd9GcREj22c-wMNL5IDmU99v8G7voUl17Yxm0JJqMLqttdPT4DnaB99zqVK7HWiNzjP3aZnzCEf-ikAqb2yiDk',now(),1,1,141),
('입양자', '장점','평균비용','2022-03',now(),'단점','MALE',1,'100000','테스트','YES','이유','서울',1,'COMPLETE',1,'https://encrypted-tbn1.gstatic.com/licensed-image?q=tbn:ANd9GcREj22c-wMNL5IDmU99v8G7voUl17Yxm0JJqMLqttdPT4DnaB99zqVK7HWiNzjP3aZnzCEf-ikAqb2yiDk',now(),1,1,142),
('입양자', '장점','평균비용','2022-03',now(),'단점','MALE',1,'100000','테스트','YES','이유','서울',1,'COMPLETE',1,'https://encrypted-tbn1.gstatic.com/licensed-image?q=tbn:ANd9GcREj22c-wMNL5IDmU99v8G7voUl17Yxm0JJqMLqttdPT4DnaB99zqVK7HWiNzjP3aZnzCEf-ikAqb2yiDk',now(),1,1,143),
('입양자', '장점','평균비용','2022-03',now(),'단점','MALE',1,'100000','테스트','YES','이유','서울',1,'COMPLETE',1,'https://encrypted-tbn1.gstatic.com/licensed-image?q=tbn:ANd9GcREj22c-wMNL5IDmU99v8G7voUl17Yxm0JJqMLqttdPT4DnaB99zqVK7HWiNzjP3aZnzCEf-ikAqb2yiDk',now(),1,1,144),
('입양자', '장점','평균비용','2022-03',now(),'단점','MALE',1,'100000','테스트','YES','이유','서울',1,'COMPLETE',1,'https://encrypted-tbn1.gstatic.com/licensed-image?q=tbn:ANd9GcREj22c-wMNL5IDmU99v8G7voUl17Yxm0JJqMLqttdPT4DnaB99zqVK7HWiNzjP3aZnzCEf-ikAqb2yiDk',now(),1,1,145),
('입양자', '장점','평균비용','2022-03',now(),'단점','MALE',1,'100000','테스트','YES','이유','서울',1,'COMPLETE',1,'https://encrypted-tbn1.gstatic.com/licensed-image?q=tbn:ANd9GcREj22c-wMNL5IDmU99v8G7voUl17Yxm0JJqMLqttdPT4DnaB99zqVK7HWiNzjP3aZnzCEf-ikAqb2yiDk',now(),1,1,146),
('입양자', '장점','평균비용','2022-03',now(),'단점','MALE',1,'100000','테스트','YES','이유','서울',1,'COMPLETE',1,'https://encrypted-tbn1.gstatic.com/licensed-image?q=tbn:ANd9GcREj22c-wMNL5IDmU99v8G7voUl17Yxm0JJqMLqttdPT4DnaB99zqVK7HWiNzjP3aZnzCEf-ikAqb2yiDk',now(),1,1,147),
('입양자', '장점','평균비용','2022-03',now(),'단점','MALE',1,'100000','테스트','YES','이유','서울',1,'COMPLETE',1,'https://encrypted-tbn1.gstatic.com/licensed-image?q=tbn:ANd9GcREj22c-wMNL5IDmU99v8G7voUl17Yxm0JJqMLqttdPT4DnaB99zqVK7HWiNzjP3aZnzCEf-ikAqb2yiDk',now(),1,1,148),
('입양자', '장점','평균비용','2022-03',now(),'단점','MALE',1,'100000','테스트','YES','이유','서울',1,'COMPLETE',1,'https://encrypted-tbn1.gstatic.com/licensed-image?q=tbn:ANd9GcREj22c-wMNL5IDmU99v8G7voUl17Yxm0JJqMLqttdPT4DnaB99zqVK7HWiNzjP3aZnzCEf-ikAqb2yiDk',now(),1,1,149),
('입양자', '장점','평균비용','2022-03',now(),'단점','MALE',1,'100000','테스트','YES','이유','서울',1,'COMPLETE',1,'https://encrypted-tbn1.gstatic.com/licensed-image?q=tbn:ANd9GcREj22c-wMNL5IDmU99v8G7voUl17Yxm0JJqMLqttdPT4DnaB99zqVK7HWiNzjP3aZnzCEf-ikAqb2yiDk',now(),1,1,150),
('입양자', '장점','평균비용','2022-03',now(),'단점','MALE',1,'100000','테스트','YES','이유','서울',1,'DELETE',1,'https://encrypted-tbn1.gstatic.com/licensed-image?q=tbn:ANd9GcREj22c-wMNL5IDmU99v8G7voUl17Yxm0JJqMLqttdPT4DnaB99zqVK7HWiNzjP3aZnzCEf-ikAqb2yiDk',now(),1,1,151),
('입양자', '장점','평균비용','2022-03',now(),'단점','MALE',1,'100000','테스트','YES','이유','서울',1,'DELETE',1,'https://encrypted-tbn1.gstatic.com/licensed-image?q=tbn:ANd9GcREj22c-wMNL5IDmU99v8G7voUl17Yxm0JJqMLqttdPT4DnaB99zqVK7HWiNzjP3aZnzCEf-ikAqb2yiDk',now(),1,1,152),
('입양자', '장점','평균비용','2022-03',now(),'단점','MALE',1,'100000','테스트','YES','이유','서울',1,'DELETE',1,'https://encrypted-tbn1.gstatic.com/licensed-image?q=tbn:ANd9GcREj22c-wMNL5IDmU99v8G7voUl17Yxm0JJqMLqttdPT4DnaB99zqVK7HWiNzjP3aZnzCEf-ikAqb2yiDk',now(),1,1,153),
('입양자', '장점','평균비용','2022-03',now(),'단점','MALE',1,'100000','테스트','YES','이유','서울',1,'DELETE',1,'https://encrypted-tbn1.gstatic.com/licensed-image?q=tbn:ANd9GcREj22c-wMNL5IDmU99v8G7voUl17Yxm0JJqMLqttdPT4DnaB99zqVK7HWiNzjP3aZnzCEf-ikAqb2yiDk',now(),1,1,154),
('입양자', '장점','평균비용','2022-03',now(),'단점','MALE',1,'100000','테스트','YES','이유','서울',1,'DELETE',1,'https://encrypted-tbn1.gstatic.com/licensed-image?q=tbn:ANd9GcREj22c-wMNL5IDmU99v8G7voUl17Yxm0JJqMLqttdPT4DnaB99zqVK7HWiNzjP3aZnzCEf-ikAqb2yiDk',now(),1,1,155),
('입양자', '장점','평균비용','2022-03',now(),'단점','MALE',1,'100000','테스트','YES','이유','서울',1,'DELETE',1,'https://encrypted-tbn1.gstatic.com/licensed-image?q=tbn:ANd9GcREj22c-wMNL5IDmU99v8G7voUl17Yxm0JJqMLqttdPT4DnaB99zqVK7HWiNzjP3aZnzCEf-ikAqb2yiDk',now(),1,1,156),
('입양자', '장점','평균비용','2022-03',now(),'단점','MALE',1,'100000','테스트','YES','이유','서울',1,'DELETE',1,'https://encrypted-tbn1.gstatic.com/licensed-image?q=tbn:ANd9GcREj22c-wMNL5IDmU99v8G7voUl17Yxm0JJqMLqttdPT4DnaB99zqVK7HWiNzjP3aZnzCEf-ikAqb2yiDk',now(),1,1,157),
('입양자', '장점','평균비용','2022-03',now(),'단점','MALE',1,'100000','테스트','YES','이유','서울',1,'DELETE',1,'https://encrypted-tbn1.gstatic.com/licensed-image?q=tbn:ANd9GcREj22c-wMNL5IDmU99v8G7voUl17Yxm0JJqMLqttdPT4DnaB99zqVK7HWiNzjP3aZnzCEf-ikAqb2yiDk',now(),1,1,158),
('입양자', '장점','평균비용','2022-03',now(),'단점','MALE',1,'100000','테스트','YES','이유','서울',1,'DELETE',1,'https://encrypted-tbn1.gstatic.com/licensed-image?q=tbn:ANd9GcREj22c-wMNL5IDmU99v8G7voUl17Yxm0JJqMLqttdPT4DnaB99zqVK7HWiNzjP3aZnzCEf-ikAqb2yiDk',now(),1,1,159),
('입양자', '장점','평균비용','2022-03',now(),'단점','MALE',1,'100000','테스트','YES','이유','서울',1,'DELETE',1,'https://encrypted-tbn1.gstatic.com/licensed-image?q=tbn:ANd9GcREj22c-wMNL5IDmU99v8G7voUl17Yxm0JJqMLqttdPT4DnaB99zqVK7HWiNzjP3aZnzCEf-ikAqb2yiDk',now(),1,1,160),
('입양자', '장점','평균비용','2022-03',now(),'단점','MALE',1,'100000','테스트','YES','이유','서울',1,'DELETE',1,'https://encrypted-tbn1.gstatic.com/licensed-image?q=tbn:ANd9GcREj22c-wMNL5IDmU99v8G7voUl17Yxm0JJqMLqttdPT4DnaB99zqVK7HWiNzjP3aZnzCEf-ikAqb2yiDk',now(),1,1,161),
('입양자', '장점','평균비용','2022-03',now(),'단점','MALE',1,'100000','테스트','YES','이유','서울',1,'DELETE',1,'https://encrypted-tbn1.gstatic.com/licensed-image?q=tbn:ANd9GcREj22c-wMNL5IDmU99v8G7voUl17Yxm0JJqMLqttdPT4DnaB99zqVK7HWiNzjP3aZnzCEf-ikAqb2yiDk',now(),1,1,162),
('입양자', '장점','평균비용','2022-03',now(),'단점','MALE',1,'100000','테스트','YES','이유','서울',1,'DELETE',1,'https://encrypted-tbn1.gstatic.com/licensed-image?q=tbn:ANd9GcREj22c-wMNL5IDmU99v8G7voUl17Yxm0JJqMLqttdPT4DnaB99zqVK7HWiNzjP3aZnzCEf-ikAqb2yiDk',now(),1,1,163),
('입양자', '장점','평균비용','2022-03',now(),'단점','MALE',1,'100000','테스트','YES','이유','서울',1,'DELETE',1,'https://encrypted-tbn1.gstatic.com/licensed-image?q=tbn:ANd9GcREj22c-wMNL5IDmU99v8G7voUl17Yxm0JJqMLqttdPT4DnaB99zqVK7HWiNzjP3aZnzCEf-ikAqb2yiDk',now(),1,1,164),
('입양자', '장점','평균비용','2022-03',now(),'단점','MALE',1,'100000','테스트','YES','이유','서울',1,'DELETE',1,'https://encrypted-tbn1.gstatic.com/licensed-image?q=tbn:ANd9GcREj22c-wMNL5IDmU99v8G7voUl17Yxm0JJqMLqttdPT4DnaB99zqVK7HWiNzjP3aZnzCEf-ikAqb2yiDk',now(),1,1,165),
('입양자', '장점','평균비용','2022-03',now(),'단점','MALE',1,'100000','테스트','YES','이유','서울',1,'DELETE',1,'https://encrypted-tbn1.gstatic.com/licensed-image?q=tbn:ANd9GcREj22c-wMNL5IDmU99v8G7voUl17Yxm0JJqMLqttdPT4DnaB99zqVK7HWiNzjP3aZnzCEf-ikAqb2yiDk',now(),1,1,166),
('입양자', '장점','평균비용','2022-03',now(),'단점','MALE',1,'100000','테스트','YES','이유','서울',1,'DELETE',1,'https://encrypted-tbn1.gstatic.com/licensed-image?q=tbn:ANd9GcREj22c-wMNL5IDmU99v8G7voUl17Yxm0JJqMLqttdPT4DnaB99zqVK7HWiNzjP3aZnzCEf-ikAqb2yiDk',now(),1,1,167),
('입양자', '장점','평균비용','2022-03',now(),'단점','MALE',1,'100000','테스트','YES','이유','서울',1,'DELETE',1,'https://encrypted-tbn1.gstatic.com/licensed-image?q=tbn:ANd9GcREj22c-wMNL5IDmU99v8G7voUl17Yxm0JJqMLqttdPT4DnaB99zqVK7HWiNzjP3aZnzCEf-ikAqb2yiDk',now(),1,1,168),
('입양자', '장점','평균비용','2022-03',now(),'단점','MALE',1,'100000','테스트','YES','이유','서울',1,'DELETE',1,'https://encrypted-tbn1.gstatic.com/licensed-image?q=tbn:ANd9GcREj22c-wMNL5IDmU99v8G7voUl17Yxm0JJqMLqttdPT4DnaB99zqVK7HWiNzjP3aZnzCEf-ikAqb2yiDk',now(),1,1,169),
('입양자', '장점','평균비용','2022-03',now(),'단점','MALE',1,'100000','테스트','YES','이유','서울',1,'DELETE',1,'https://encrypted-tbn1.gstatic.com/licensed-image?q=tbn:ANd9GcREj22c-wMNL5IDmU99v8G7voUl17Yxm0JJqMLqttdPT4DnaB99zqVK7HWiNzjP3aZnzCEf-ikAqb2yiDk',now(),1,1,170),
('입양자', '장점','평균비용','2022-03',now(),'단점','MALE',1,'100000','테스트','YES','이유','서울',1,'DELETE',1,'https://encrypted-tbn1.gstatic.com/licensed-image?q=tbn:ANd9GcREj22c-wMNL5IDmU99v8G7voUl17Yxm0JJqMLqttdPT4DnaB99zqVK7HWiNzjP3aZnzCEf-ikAqb2yiDk',now(),1,1,171),
('입양자', '장점','평균비용','2022-03',now(),'단점','MALE',1,'100000','테스트','YES','이유','서울',1,'DELETE',1,'https://encrypted-tbn1.gstatic.com/licensed-image?q=tbn:ANd9GcREj22c-wMNL5IDmU99v8G7voUl17Yxm0JJqMLqttdPT4DnaB99zqVK7HWiNzjP3aZnzCEf-ikAqb2yiDk',now(),1,1,172),
('입양자', '장점','평균비용','2022-03',now(),'단점','MALE',1,'100000','테스트','YES','이유','서울',1,'DELETE',1,'https://encrypted-tbn1.gstatic.com/licensed-image?q=tbn:ANd9GcREj22c-wMNL5IDmU99v8G7voUl17Yxm0JJqMLqttdPT4DnaB99zqVK7HWiNzjP3aZnzCEf-ikAqb2yiDk',now(),1,1,173),
('입양자', '장점','평균비용','2022-03',now(),'단점','MALE',1,'100000','테스트','YES','이유','서울',1,'DELETE',1,'https://encrypted-tbn1.gstatic.com/licensed-image?q=tbn:ANd9GcREj22c-wMNL5IDmU99v8G7voUl17Yxm0JJqMLqttdPT4DnaB99zqVK7HWiNzjP3aZnzCEf-ikAqb2yiDk',now(),1,1,174),
('입양자', '장점','평균비용','2022-03',now(),'단점','MALE',1,'100000','테스트','YES','이유','서울',1,'DELETE',1,'https://encrypted-tbn1.gstatic.com/licensed-image?q=tbn:ANd9GcREj22c-wMNL5IDmU99v8G7voUl17Yxm0JJqMLqttdPT4DnaB99zqVK7HWiNzjP3aZnzCEf-ikAqb2yiDk',now(),1,1,175),
('입양자', '장점','평균비용','2022-03',now(),'단점','MALE',1,'100000','테스트','YES','이유','서울',1,'DELETE',1,'https://encrypted-tbn1.gstatic.com/licensed-image?q=tbn:ANd9GcREj22c-wMNL5IDmU99v8G7voUl17Yxm0JJqMLqttdPT4DnaB99zqVK7HWiNzjP3aZnzCEf-ikAqb2yiDk',now(),1,1,176),
('입양자', '장점','평균비용','2022-03',now(),'단점','MALE',1,'100000','테스트','YES','이유','서울',1,'DELETE',1,'https://encrypted-tbn1.gstatic.com/licensed-image?q=tbn:ANd9GcREj22c-wMNL5IDmU99v8G7voUl17Yxm0JJqMLqttdPT4DnaB99zqVK7HWiNzjP3aZnzCEf-ikAqb2yiDk',now(),1,1,177),
('입양자', '장점','평균비용','2022-03',now(),'단점','MALE',1,'100000','테스트','YES','이유','서울',1,'DELETE',1,'https://encrypted-tbn1.gstatic.com/licensed-image?q=tbn:ANd9GcREj22c-wMNL5IDmU99v8G7voUl17Yxm0JJqMLqttdPT4DnaB99zqVK7HWiNzjP3aZnzCEf-ikAqb2yiDk',now(),1,1,178),
('입양자', '장점','평균비용','2022-03',now(),'단점','MALE',1,'100000','테스트','YES','이유','서울',1,'DELETE',1,'https://encrypted-tbn1.gstatic.com/licensed-image?q=tbn:ANd9GcREj22c-wMNL5IDmU99v8G7voUl17Yxm0JJqMLqttdPT4DnaB99zqVK7HWiNzjP3aZnzCEf-ikAqb2yiDk',now(),1,1,179),
('입양자', '장점','평균비용','2022-03',now(),'단점','MALE',1,'100000','테스트','YES','이유','서울',1,'DELETE',1,'https://encrypted-tbn1.gstatic.com/licensed-image?q=tbn:ANd9GcREj22c-wMNL5IDmU99v8G7voUl17Yxm0JJqMLqttdPT4DnaB99zqVK7HWiNzjP3aZnzCEf-ikAqb2yiDk',now(),1,1,180),
('입양자', '장점','평균비용','2022-03',now(),'단점','MALE',1,'100000','테스트','YES','이유','서울',1,'DELETE',1,'https://encrypted-tbn1.gstatic.com/licensed-image?q=tbn:ANd9GcREj22c-wMNL5IDmU99v8G7voUl17Yxm0JJqMLqttdPT4DnaB99zqVK7HWiNzjP3aZnzCEf-ikAqb2yiDk',now(),1,1,181),
('입양자', '장점','평균비용','2022-03',now(),'단점','MALE',1,'100000','테스트','YES','이유','서울',1,'DELETE',1,'https://encrypted-tbn1.gstatic.com/licensed-image?q=tbn:ANd9GcREj22c-wMNL5IDmU99v8G7voUl17Yxm0JJqMLqttdPT4DnaB99zqVK7HWiNzjP3aZnzCEf-ikAqb2yiDk',now(),1,1,182),
('입양자', '장점','평균비용','2022-03',now(),'단점','MALE',1,'100000','테스트','YES','이유','서울',1,'DELETE',1,'https://encrypted-tbn1.gstatic.com/licensed-image?q=tbn:ANd9GcREj22c-wMNL5IDmU99v8G7voUl17Yxm0JJqMLqttdPT4DnaB99zqVK7HWiNzjP3aZnzCEf-ikAqb2yiDk',now(),1,1,183),
('입양자', '장점','평균비용','2022-03',now(),'단점','MALE',1,'100000','테스트','YES','이유','서울',1,'DELETE',1,'https://encrypted-tbn1.gstatic.com/licensed-image?q=tbn:ANd9GcREj22c-wMNL5IDmU99v8G7voUl17Yxm0JJqMLqttdPT4DnaB99zqVK7HWiNzjP3aZnzCEf-ikAqb2yiDk',now(),1,1,184),
('입양자', '장점','평균비용','2022-03',now(),'단점','MALE',1,'100000','테스트','YES','이유','서울',1,'DELETE',1,'https://encrypted-tbn1.gstatic.com/licensed-image?q=tbn:ANd9GcREj22c-wMNL5IDmU99v8G7voUl17Yxm0JJqMLqttdPT4DnaB99zqVK7HWiNzjP3aZnzCEf-ikAqb2yiDk',now(),1,1,185),
('입양자', '장점','평균비용','2022-03',now(),'단점','MALE',1,'100000','테스트','YES','이유','서울',1,'DELETE',1,'https://encrypted-tbn1.gstatic.com/licensed-image?q=tbn:ANd9GcREj22c-wMNL5IDmU99v8G7voUl17Yxm0JJqMLqttdPT4DnaB99zqVK7HWiNzjP3aZnzCEf-ikAqb2yiDk',now(),1,1,186),
('입양자', '장점','평균비용','2022-03',now(),'단점','MALE',1,'100000','테스트','YES','이유','서울',1,'DELETE',1,'https://encrypted-tbn1.gstatic.com/licensed-image?q=tbn:ANd9GcREj22c-wMNL5IDmU99v8G7voUl17Yxm0JJqMLqttdPT4DnaB99zqVK7HWiNzjP3aZnzCEf-ikAqb2yiDk',now(),1,1,187),
('입양자', '장점','평균비용','2022-03',now(),'단점','MALE',1,'100000','테스트','YES','이유','서울',1,'DELETE',1,'https://encrypted-tbn1.gstatic.com/licensed-image?q=tbn:ANd9GcREj22c-wMNL5IDmU99v8G7voUl17Yxm0JJqMLqttdPT4DnaB99zqVK7HWiNzjP3aZnzCEf-ikAqb2yiDk',now(),1,1,188),
('입양자', '장점','평균비용','2022-03',now(),'단점','MALE',1,'100000','테스트','YES','이유','서울',1,'DELETE',1,'https://encrypted-tbn1.gstatic.com/licensed-image?q=tbn:ANd9GcREj22c-wMNL5IDmU99v8G7voUl17Yxm0JJqMLqttdPT4DnaB99zqVK7HWiNzjP3aZnzCEf-ikAqb2yiDk',now(),1,1,189),
('입양자', '장점','평균비용','2022-03',now(),'단점','MALE',1,'100000','테스트','YES','이유','서울',1,'DELETE',1,'https://encrypted-tbn1.gstatic.com/licensed-image?q=tbn:ANd9GcREj22c-wMNL5IDmU99v8G7voUl17Yxm0JJqMLqttdPT4DnaB99zqVK7HWiNzjP3aZnzCEf-ikAqb2yiDk',now(),1,1,190),
('입양자', '장점','평균비용','2022-03',now(),'단점','MALE',1,'100000','테스트','YES','이유','서울',1,'DELETE',1,'https://encrypted-tbn1.gstatic.com/licensed-image?q=tbn:ANd9GcREj22c-wMNL5IDmU99v8G7voUl17Yxm0JJqMLqttdPT4DnaB99zqVK7HWiNzjP3aZnzCEf-ikAqb2yiDk',now(),1,1,191),
('입양자', '장점','평균비용','2022-03',now(),'단점','MALE',1,'100000','테스트','YES','이유','서울',1,'DELETE',1,'https://encrypted-tbn1.gstatic.com/licensed-image?q=tbn:ANd9GcREj22c-wMNL5IDmU99v8G7voUl17Yxm0JJqMLqttdPT4DnaB99zqVK7HWiNzjP3aZnzCEf-ikAqb2yiDk',now(),1,1,192),
('입양자', '장점','평균비용','2022-03',now(),'단점','MALE',1,'100000','테스트','YES','이유','서울',1,'DELETE',1,'https://encrypted-tbn1.gstatic.com/licensed-image?q=tbn:ANd9GcREj22c-wMNL5IDmU99v8G7voUl17Yxm0JJqMLqttdPT4DnaB99zqVK7HWiNzjP3aZnzCEf-ikAqb2yiDk',now(),1,1,193),
('입양자', '장점','평균비용','2022-03',now(),'단점','MALE',1,'100000','테스트','YES','이유','서울',1,'DELETE',1,'https://encrypted-tbn1.gstatic.com/licensed-image?q=tbn:ANd9GcREj22c-wMNL5IDmU99v8G7voUl17Yxm0JJqMLqttdPT4DnaB99zqVK7HWiNzjP3aZnzCEf-ikAqb2yiDk',now(),1,1,194),
('입양자', '장점','평균비용','2022-03',now(),'단점','MALE',1,'100000','테스트','YES','이유','서울',1,'DELETE',1,'https://encrypted-tbn1.gstatic.com/licensed-image?q=tbn:ANd9GcREj22c-wMNL5IDmU99v8G7voUl17Yxm0JJqMLqttdPT4DnaB99zqVK7HWiNzjP3aZnzCEf-ikAqb2yiDk',now(),1,1,195),
('입양자', '장점','평균비용','2022-03',now(),'단점','MALE',1,'100000','테스트','YES','이유','서울',1,'DELETE',1,'https://encrypted-tbn1.gstatic.com/licensed-image?q=tbn:ANd9GcREj22c-wMNL5IDmU99v8G7voUl17Yxm0JJqMLqttdPT4DnaB99zqVK7HWiNzjP3aZnzCEf-ikAqb2yiDk',now(),1,1,196),
('입양자', '장점','평균비용','2022-03',now(),'단점','MALE',1,'100000','테스트','YES','이유','서울',1,'DELETE',1,'https://encrypted-tbn1.gstatic.com/licensed-image?q=tbn:ANd9GcREj22c-wMNL5IDmU99v8G7voUl17Yxm0JJqMLqttdPT4DnaB99zqVK7HWiNzjP3aZnzCEf-ikAqb2yiDk',now(),1,1,197),
('입양자', '장점','평균비용','2022-03',now(),'단점','MALE',1,'100000','테스트','YES','이유','서울',1,'DELETE',1,'https://encrypted-tbn1.gstatic.com/licensed-image?q=tbn:ANd9GcREj22c-wMNL5IDmU99v8G7voUl17Yxm0JJqMLqttdPT4DnaB99zqVK7HWiNzjP3aZnzCEf-ikAqb2yiDk',now(),1,1,198),
('입양자', '장점','평균비용','2022-03',now(),'단점','MALE',1,'100000','테스트','YES','이유','서울',1,'DELETE',1,'https://encrypted-tbn1.gstatic.com/licensed-image?q=tbn:ANd9GcREj22c-wMNL5IDmU99v8G7voUl17Yxm0JJqMLqttdPT4DnaB99zqVK7HWiNzjP3aZnzCEf-ikAqb2yiDk',now(),1,1,199),
('입양자', '장점','평균비용','2022-03',now(),'단점','MALE',1,'100000','테스트','YES','이유','서울',1,'DELETE',1,'https://encrypted-tbn1.gstatic.com/licensed-image?q=tbn:ANd9GcREj22c-wMNL5IDmU99v8G7voUl17Yxm0JJqMLqttdPT4DnaB99zqVK7HWiNzjP3aZnzCEf-ikAqb2yiDk',now(),1,1,200);

-- post_images
insert into images (create_date,image_type,post_id,update_date,url,image_id) values
(now(),'POST',1,now(),'https://encrypted-tbn1.gstatic.com/licensed-image?q=tbn:ANd9GcREj22c-wMNL5IDmU99v8G7voUl17Yxm0JJqMLqttdPT4DnaB99zqVK7HWiNzjP3aZnzCEf-ikAqb2yiDk',default),
(now(),'POST',1,now(),'https://encrypted-tbn1.gstatic.com/licensed-image?q=tbn:ANd9GcREj22c-wMNL5IDmU99v8G7voUl17Yxm0JJqMLqttdPT4DnaB99zqVK7HWiNzjP3aZnzCEf-ikAqb2yiDk',default);

-- diseases
insert into diseases (create_date,name,post_id,update_date,disease_id) values
(now(),'질병1',1,now(),default),
(now(),'질병2',1,now(),default);

-- applys
insert into applys (apply_id, user_id, post_id, seller_id, approval, create_date, update_date, job, environment, people, open_talk,region, is_experience, url ,comment) values
(1, 2, 1, 1, 'APPROVED', now(), now(), '직장인', '집', 3, 'www.naver.com', '서울', true,  'https://encrypted-tbn1.gstatic.com/licensed-image?q=tbn:ANd9GcREj22c-wMNL5IDmU99v8G7voUl17Yxm0JJqMLqttdPT4DnaB99zqVK7HWiNzjP3aZnzCEf-ikAqb2yiDk', '잘 키울 수 있음'),
(2, 2, 1, 1, 'APPROVED', now(), now(), '직장인', '집', 3, 'www.naver.com', '서울', true,  'https://encrypted-tbn1.gstatic.com/licensed-image?q=tbn:ANd9GcREj22c-wMNL5IDmU99v8G7voUl17Yxm0JJqMLqttdPT4DnaB99zqVK7HWiNzjP3aZnzCEf-ikAqb2yiDk', '잘 키울 수 있음'),
(3, 2, 1, 1, 'APPROVED', now(), now(), '직장인', '집', 3, 'www.naver.com', '서울', true,  'https://encrypted-tbn1.gstatic.com/licensed-image?q=tbn:ANd9GcREj22c-wMNL5IDmU99v8G7voUl17Yxm0JJqMLqttdPT4DnaB99zqVK7HWiNzjP3aZnzCEf-ikAqb2yiDk', '잘 키울 수 있음'),
(4, 2, 1, 1, 'APPROVED', now(), now(), '직장인', '집', 3, 'www.naver.com', '서울', true,  'https://encrypted-tbn1.gstatic.com/licensed-image?q=tbn:ANd9GcREj22c-wMNL5IDmU99v8G7voUl17Yxm0JJqMLqttdPT4DnaB99zqVK7HWiNzjP3aZnzCEf-ikAqb2yiDk', '잘 키울 수 있음'),
(5, 2, 1, 1, 'APPROVED', now(), now(), '직장인', '집', 3, 'www.naver.com', '서울', true,  'https://encrypted-tbn1.gstatic.com/licensed-image?q=tbn:ANd9GcREj22c-wMNL5IDmU99v8G7voUl17Yxm0JJqMLqttdPT4DnaB99zqVK7HWiNzjP3aZnzCEf-ikAqb2yiDk', '잘 키울 수 있음'),
(6, 2, 1, 1, 'APPROVED', now(), now(), '직장인', '집', 3, 'www.naver.com', '서울', true,  'https://encrypted-tbn1.gstatic.com/licensed-image?q=tbn:ANd9GcREj22c-wMNL5IDmU99v8G7voUl17Yxm0JJqMLqttdPT4DnaB99zqVK7HWiNzjP3aZnzCEf-ikAqb2yiDk', '잘 키울 수 있음'),
(7, 2, 1, 1, 'APPROVED', now(), now(), '직장인', '집', 3, 'www.naver.com', '서울', true,  'https://encrypted-tbn1.gstatic.com/licensed-image?q=tbn:ANd9GcREj22c-wMNL5IDmU99v8G7voUl17Yxm0JJqMLqttdPT4DnaB99zqVK7HWiNzjP3aZnzCEf-ikAqb2yiDk', '잘 키울 수 있음'),
(8, 2, 1, 1, 'APPROVED', now(), now(), '직장인', '집', 3, 'www.naver.com', '서울', true,  'https://encrypted-tbn1.gstatic.com/licensed-image?q=tbn:ANd9GcREj22c-wMNL5IDmU99v8G7voUl17Yxm0JJqMLqttdPT4DnaB99zqVK7HWiNzjP3aZnzCEf-ikAqb2yiDk', '잘 키울 수 있음'),
(9, 2, 1, 1, 'APPROVED', now(), now(), '직장인', '집', 3, 'www.naver.com', '서울', true,  'https://encrypted-tbn1.gstatic.com/licensed-image?q=tbn:ANd9GcREj22c-wMNL5IDmU99v8G7voUl17Yxm0JJqMLqttdPT4DnaB99zqVK7HWiNzjP3aZnzCEf-ikAqb2yiDk', '잘 키울 수 있음'),
(10, 2, 1, 1, 'APPROVED', now(), now(), '직장인', '집', 3, 'www.naver.com', '서울', true,  'https://encrypted-tbn1.gstatic.com/licensed-image?q=tbn:ANd9GcREj22c-wMNL5IDmU99v8G7voUl17Yxm0JJqMLqttdPT4DnaB99zqVK7HWiNzjP3aZnzCEf-ikAqb2yiDk', '잘 키울 수 있음'),
(11, 2, 1, 1, 'APPROVED', now(), now(), '직장인', '집', 3, 'www.naver.com', '서울', true,  'https://encrypted-tbn1.gstatic.com/licensed-image?q=tbn:ANd9GcREj22c-wMNL5IDmU99v8G7voUl17Yxm0JJqMLqttdPT4DnaB99zqVK7HWiNzjP3aZnzCEf-ikAqb2yiDk', '잘 키울 수 있음'),
(12, 2, 1, 1, 'APPROVED', now(), now(), '직장인', '집', 3, 'www.naver.com', '서울', true,  'https://encrypted-tbn1.gstatic.com/licensed-image?q=tbn:ANd9GcREj22c-wMNL5IDmU99v8G7voUl17Yxm0JJqMLqttdPT4DnaB99zqVK7HWiNzjP3aZnzCEf-ikAqb2yiDk', '잘 키울 수 있음'),
(13, 2, 1, 1, 'APPROVED', now(), now(), '직장인', '집', 3, 'www.naver.com', '서울', true,  'https://encrypted-tbn1.gstatic.com/licensed-image?q=tbn:ANd9GcREj22c-wMNL5IDmU99v8G7voUl17Yxm0JJqMLqttdPT4DnaB99zqVK7HWiNzjP3aZnzCEf-ikAqb2yiDk', '잘 키울 수 있음'),
(14, 2, 1, 1, 'APPROVED', now(), now(), '직장인', '집', 3, 'www.naver.com', '서울', true,  'https://encrypted-tbn1.gstatic.com/licensed-image?q=tbn:ANd9GcREj22c-wMNL5IDmU99v8G7voUl17Yxm0JJqMLqttdPT4DnaB99zqVK7HWiNzjP3aZnzCEf-ikAqb2yiDk', '잘 키울 수 있음'),
(15, 2, 1, 1, 'APPROVED', now(), now(), '직장인', '집', 3, 'www.naver.com', '서울', true,  'https://encrypted-tbn1.gstatic.com/licensed-image?q=tbn:ANd9GcREj22c-wMNL5IDmU99v8G7voUl17Yxm0JJqMLqttdPT4DnaB99zqVK7HWiNzjP3aZnzCEf-ikAqb2yiDk', '잘 키울 수 있음'),
(16, 2, 1, 1, 'APPROVED', now(), now(), '직장인', '집', 3, 'www.naver.com', '서울', true,  'https://encrypted-tbn1.gstatic.com/licensed-image?q=tbn:ANd9GcREj22c-wMNL5IDmU99v8G7voUl17Yxm0JJqMLqttdPT4DnaB99zqVK7HWiNzjP3aZnzCEf-ikAqb2yiDk', '잘 키울 수 있음'),
(17, 2, 1, 1, 'APPROVED', now(), now(), '직장인', '집', 3, 'www.naver.com', '서울', true,  'https://encrypted-tbn1.gstatic.com/licensed-image?q=tbn:ANd9GcREj22c-wMNL5IDmU99v8G7voUl17Yxm0JJqMLqttdPT4DnaB99zqVK7HWiNzjP3aZnzCEf-ikAqb2yiDk', '잘 키울 수 있음'),
(18, 2, 1, 1, 'APPROVED', now(), now(), '직장인', '집', 3, 'www.naver.com', '서울', true,  'https://encrypted-tbn1.gstatic.com/licensed-image?q=tbn:ANd9GcREj22c-wMNL5IDmU99v8G7voUl17Yxm0JJqMLqttdPT4DnaB99zqVK7HWiNzjP3aZnzCEf-ikAqb2yiDk', '잘 키울 수 있음'),
(19, 2, 1, 1, 'APPROVED', now(), now(), '직장인', '집', 3, 'www.naver.com', '서울', true,  'https://encrypted-tbn1.gstatic.com/licensed-image?q=tbn:ANd9GcREj22c-wMNL5IDmU99v8G7voUl17Yxm0JJqMLqttdPT4DnaB99zqVK7HWiNzjP3aZnzCEf-ikAqb2yiDk', '잘 키울 수 있음'),
(20, 2, 1, 1, 'APPROVED', now(), now(), '직장인', '집', 3, 'www.naver.com', '서울', true,  'https://encrypted-tbn1.gstatic.com/licensed-image?q=tbn:ANd9GcREj22c-wMNL5IDmU99v8G7voUl17Yxm0JJqMLqttdPT4DnaB99zqVK7HWiNzjP3aZnzCEf-ikAqb2yiDk', '잘 키울 수 있음'),
(21, 2, 1, 1, 'APPROVED', now(), now(), '직장인', '집', 3, 'www.naver.com', '서울', true,  'https://encrypted-tbn1.gstatic.com/licensed-image?q=tbn:ANd9GcREj22c-wMNL5IDmU99v8G7voUl17Yxm0JJqMLqttdPT4DnaB99zqVK7HWiNzjP3aZnzCEf-ikAqb2yiDk', '잘 키울 수 있음'),
(22, 2, 1, 1, 'APPROVED', now(), now(), '직장인', '집', 3, 'www.naver.com', '서울', true,  'https://encrypted-tbn1.gstatic.com/licensed-image?q=tbn:ANd9GcREj22c-wMNL5IDmU99v8G7voUl17Yxm0JJqMLqttdPT4DnaB99zqVK7HWiNzjP3aZnzCEf-ikAqb2yiDk', '잘 키울 수 있음'),
(23, 2, 1, 1, 'APPROVED', now(), now(), '직장인', '집', 3, 'www.naver.com', '서울', true,  'https://encrypted-tbn1.gstatic.com/licensed-image?q=tbn:ANd9GcREj22c-wMNL5IDmU99v8G7voUl17Yxm0JJqMLqttdPT4DnaB99zqVK7HWiNzjP3aZnzCEf-ikAqb2yiDk', '잘 키울 수 있음'),
(24, 2, 1, 1, 'APPROVED', now(), now(), '직장인', '집', 3, 'www.naver.com', '서울', true,  'https://encrypted-tbn1.gstatic.com/licensed-image?q=tbn:ANd9GcREj22c-wMNL5IDmU99v8G7voUl17Yxm0JJqMLqttdPT4DnaB99zqVK7HWiNzjP3aZnzCEf-ikAqb2yiDk', '잘 키울 수 있음'),
(25, 2, 1, 1, 'APPROVED', now(), now(), '직장인', '집', 3, 'www.naver.com', '서울', true,  'https://encrypted-tbn1.gstatic.com/licensed-image?q=tbn:ANd9GcREj22c-wMNL5IDmU99v8G7voUl17Yxm0JJqMLqttdPT4DnaB99zqVK7HWiNzjP3aZnzCEf-ikAqb2yiDk', '잘 키울 수 있음'),
(26, 2, 1, 1, 'APPROVED', now(), now(), '직장인', '집', 3, 'www.naver.com', '서울', true,  'https://encrypted-tbn1.gstatic.com/licensed-image?q=tbn:ANd9GcREj22c-wMNL5IDmU99v8G7voUl17Yxm0JJqMLqttdPT4DnaB99zqVK7HWiNzjP3aZnzCEf-ikAqb2yiDk', '잘 키울 수 있음'),
(27, 2, 1, 1, 'APPROVED', now(), now(), '직장인', '집', 3, 'www.naver.com', '서울', true,  'https://encrypted-tbn1.gstatic.com/licensed-image?q=tbn:ANd9GcREj22c-wMNL5IDmU99v8G7voUl17Yxm0JJqMLqttdPT4DnaB99zqVK7HWiNzjP3aZnzCEf-ikAqb2yiDk', '잘 키울 수 있음'),
(28, 2, 1, 1, 'APPROVED', now(), now(), '직장인', '집', 3, 'www.naver.com', '서울', true,  'https://encrypted-tbn1.gstatic.com/licensed-image?q=tbn:ANd9GcREj22c-wMNL5IDmU99v8G7voUl17Yxm0JJqMLqttdPT4DnaB99zqVK7HWiNzjP3aZnzCEf-ikAqb2yiDk', '잘 키울 수 있음'),
(29, 2, 1, 1, 'APPROVED', now(), now(), '직장인', '집', 3, 'www.naver.com', '서울', true,  'https://encrypted-tbn1.gstatic.com/licensed-image?q=tbn:ANd9GcREj22c-wMNL5IDmU99v8G7voUl17Yxm0JJqMLqttdPT4DnaB99zqVK7HWiNzjP3aZnzCEf-ikAqb2yiDk', '잘 키울 수 있음'),
(30, 2, 1, 1, 'APPROVED', now(), now(), '직장인', '집', 3, 'www.naver.com', '서울', true,  'https://encrypted-tbn1.gstatic.com/licensed-image?q=tbn:ANd9GcREj22c-wMNL5IDmU99v8G7voUl17Yxm0JJqMLqttdPT4DnaB99zqVK7HWiNzjP3aZnzCEf-ikAqb2yiDk', '잘 키울 수 있음'),
(31, 2, 1, 1, 'APPROVED', now(), now(), '직장인', '집', 3, 'www.naver.com', '서울', true,  'https://encrypted-tbn1.gstatic.com/licensed-image?q=tbn:ANd9GcREj22c-wMNL5IDmU99v8G7voUl17Yxm0JJqMLqttdPT4DnaB99zqVK7HWiNzjP3aZnzCEf-ikAqb2yiDk', '잘 키울 수 있음'),
(32, 2, 1, 1, 'APPROVED', now(), now(), '직장인', '집', 3, 'www.naver.com', '서울', true,  'https://encrypted-tbn1.gstatic.com/licensed-image?q=tbn:ANd9GcREj22c-wMNL5IDmU99v8G7voUl17Yxm0JJqMLqttdPT4DnaB99zqVK7HWiNzjP3aZnzCEf-ikAqb2yiDk', '잘 키울 수 있음'),
(33, 2, 1, 1, 'APPROVED', now(), now(), '직장인', '집', 3, 'www.naver.com', '서울', true,  'https://encrypted-tbn1.gstatic.com/licensed-image?q=tbn:ANd9GcREj22c-wMNL5IDmU99v8G7voUl17Yxm0JJqMLqttdPT4DnaB99zqVK7HWiNzjP3aZnzCEf-ikAqb2yiDk', '잘 키울 수 있음'),
(34, 2, 1, 1, 'APPROVED', now(), now(), '직장인', '집', 3, 'www.naver.com', '서울', true,  'https://encrypted-tbn1.gstatic.com/licensed-image?q=tbn:ANd9GcREj22c-wMNL5IDmU99v8G7voUl17Yxm0JJqMLqttdPT4DnaB99zqVK7HWiNzjP3aZnzCEf-ikAqb2yiDk', '잘 키울 수 있음'),
(35, 2, 1, 1, 'APPROVED', now(), now(), '직장인', '집', 3, 'www.naver.com', '서울', true,  'https://encrypted-tbn1.gstatic.com/licensed-image?q=tbn:ANd9GcREj22c-wMNL5IDmU99v8G7voUl17Yxm0JJqMLqttdPT4DnaB99zqVK7HWiNzjP3aZnzCEf-ikAqb2yiDk', '잘 키울 수 있음'),
(36, 2, 1, 1, 'APPROVED', now(), now(), '직장인', '집', 3, 'www.naver.com', '서울', true,  'https://encrypted-tbn1.gstatic.com/licensed-image?q=tbn:ANd9GcREj22c-wMNL5IDmU99v8G7voUl17Yxm0JJqMLqttdPT4DnaB99zqVK7HWiNzjP3aZnzCEf-ikAqb2yiDk', '잘 키울 수 있음'),
(37, 2, 1, 1, 'APPROVED', now(), now(), '직장인', '집', 3, 'www.naver.com', '서울', true,  'https://encrypted-tbn1.gstatic.com/licensed-image?q=tbn:ANd9GcREj22c-wMNL5IDmU99v8G7voUl17Yxm0JJqMLqttdPT4DnaB99zqVK7HWiNzjP3aZnzCEf-ikAqb2yiDk', '잘 키울 수 있음'),
(38, 2, 1, 1, 'APPROVED', now(), now(), '직장인', '집', 3, 'www.naver.com', '서울', true,  'https://encrypted-tbn1.gstatic.com/licensed-image?q=tbn:ANd9GcREj22c-wMNL5IDmU99v8G7voUl17Yxm0JJqMLqttdPT4DnaB99zqVK7HWiNzjP3aZnzCEf-ikAqb2yiDk', '잘 키울 수 있음'),
(39, 2, 1, 1, 'APPROVED', now(), now(), '직장인', '집', 3, 'www.naver.com', '서울', true,  'https://encrypted-tbn1.gstatic.com/licensed-image?q=tbn:ANd9GcREj22c-wMNL5IDmU99v8G7voUl17Yxm0JJqMLqttdPT4DnaB99zqVK7HWiNzjP3aZnzCEf-ikAqb2yiDk', '잘 키울 수 있음'),
(40, 2, 1, 1, 'APPROVED', now(), now(), '직장인', '집', 3, 'www.naver.com', '서울', true,  'https://encrypted-tbn1.gstatic.com/licensed-image?q=tbn:ANd9GcREj22c-wMNL5IDmU99v8G7voUl17Yxm0JJqMLqttdPT4DnaB99zqVK7HWiNzjP3aZnzCEf-ikAqb2yiDk', '잘 키울 수 있음'),
(41, 2, 1, 1, 'APPROVED', now(), now(), '직장인', '집', 3, 'www.naver.com', '서울', true,  'https://encrypted-tbn1.gstatic.com/licensed-image?q=tbn:ANd9GcREj22c-wMNL5IDmU99v8G7voUl17Yxm0JJqMLqttdPT4DnaB99zqVK7HWiNzjP3aZnzCEf-ikAqb2yiDk', '잘 키울 수 있음'),
(42, 2, 1, 1, 'APPROVED', now(), now(), '직장인', '집', 3, 'www.naver.com', '서울', true,  'https://encrypted-tbn1.gstatic.com/licensed-image?q=tbn:ANd9GcREj22c-wMNL5IDmU99v8G7voUl17Yxm0JJqMLqttdPT4DnaB99zqVK7HWiNzjP3aZnzCEf-ikAqb2yiDk', '잘 키울 수 있음'),
(43, 2, 1, 1, 'APPROVED', now(), now(), '직장인', '집', 3, 'www.naver.com', '서울', true,  'https://encrypted-tbn1.gstatic.com/licensed-image?q=tbn:ANd9GcREj22c-wMNL5IDmU99v8G7voUl17Yxm0JJqMLqttdPT4DnaB99zqVK7HWiNzjP3aZnzCEf-ikAqb2yiDk', '잘 키울 수 있음'),
(44, 2, 1, 1, 'APPROVED', now(), now(), '직장인', '집', 3, 'www.naver.com', '서울', true,  'https://encrypted-tbn1.gstatic.com/licensed-image?q=tbn:ANd9GcREj22c-wMNL5IDmU99v8G7voUl17Yxm0JJqMLqttdPT4DnaB99zqVK7HWiNzjP3aZnzCEf-ikAqb2yiDk', '잘 키울 수 있음'),
(45, 2, 1, 1, 'APPROVED', now(), now(), '직장인', '집', 3, 'www.naver.com', '서울', true,  'https://encrypted-tbn1.gstatic.com/licensed-image?q=tbn:ANd9GcREj22c-wMNL5IDmU99v8G7voUl17Yxm0JJqMLqttdPT4DnaB99zqVK7HWiNzjP3aZnzCEf-ikAqb2yiDk', '잘 키울 수 있음'),
(46, 2, 1, 1, 'APPROVED', now(), now(), '직장인', '집', 3, 'www.naver.com', '서울', true,  'https://encrypted-tbn1.gstatic.com/licensed-image?q=tbn:ANd9GcREj22c-wMNL5IDmU99v8G7voUl17Yxm0JJqMLqttdPT4DnaB99zqVK7HWiNzjP3aZnzCEf-ikAqb2yiDk', '잘 키울 수 있음'),
(47, 2, 1, 1, 'APPROVED', now(), now(), '직장인', '집', 3, 'www.naver.com', '서울', true,  'https://encrypted-tbn1.gstatic.com/licensed-image?q=tbn:ANd9GcREj22c-wMNL5IDmU99v8G7voUl17Yxm0JJqMLqttdPT4DnaB99zqVK7HWiNzjP3aZnzCEf-ikAqb2yiDk', '잘 키울 수 있음'),
(48, 2, 1, 1, 'APPROVED', now(), now(), '직장인', '집', 3, 'www.naver.com', '서울', true,  'https://encrypted-tbn1.gstatic.com/licensed-image?q=tbn:ANd9GcREj22c-wMNL5IDmU99v8G7voUl17Yxm0JJqMLqttdPT4DnaB99zqVK7HWiNzjP3aZnzCEf-ikAqb2yiDk', '잘 키울 수 있음'),
(49, 2, 1, 1, 'APPROVED', now(), now(), '직장인', '집', 3, 'www.naver.com', '서울', true,  'https://encrypted-tbn1.gstatic.com/licensed-image?q=tbn:ANd9GcREj22c-wMNL5IDmU99v8G7voUl17Yxm0JJqMLqttdPT4DnaB99zqVK7HWiNzjP3aZnzCEf-ikAqb2yiDk', '잘 키울 수 있음'),
(50, 2, 1, 1, 'APPROVED', now(), now(), '직장인', '집', 3, 'www.naver.com', '서울', true,  'https://encrypted-tbn1.gstatic.com/licensed-image?q=tbn:ANd9GcREj22c-wMNL5IDmU99v8G7voUl17Yxm0JJqMLqttdPT4DnaB99zqVK7HWiNzjP3aZnzCEf-ikAqb2yiDk', '잘 키울 수 있음'),
(51, 2, 1, 1, 'REJECTED', now(), now(), '직장인', '집', 3, 'www.naver.com', '서울', true,  'https://encrypted-tbn1.gstatic.com/licensed-image?q=tbn:ANd9GcREj22c-wMNL5IDmU99v8G7voUl17Yxm0JJqMLqttdPT4DnaB99zqVK7HWiNzjP3aZnzCEf-ikAqb2yiDk', '잘 키울 수 있음'),
(52, 2, 1, 1, 'REJECTED', now(), now(), '직장인', '집', 3, 'www.naver.com', '서울', true,  'https://encrypted-tbn1.gstatic.com/licensed-image?q=tbn:ANd9GcREj22c-wMNL5IDmU99v8G7voUl17Yxm0JJqMLqttdPT4DnaB99zqVK7HWiNzjP3aZnzCEf-ikAqb2yiDk', '잘 키울 수 있음'),
(53, 2, 1, 1, 'REJECTED', now(), now(), '직장인', '집', 3, 'www.naver.com', '서울', true,  'https://encrypted-tbn1.gstatic.com/licensed-image?q=tbn:ANd9GcREj22c-wMNL5IDmU99v8G7voUl17Yxm0JJqMLqttdPT4DnaB99zqVK7HWiNzjP3aZnzCEf-ikAqb2yiDk', '잘 키울 수 있음'),
(54, 2, 1, 1, 'REJECTED', now(), now(), '직장인', '집', 3, 'www.naver.com', '서울', true,  'https://encrypted-tbn1.gstatic.com/licensed-image?q=tbn:ANd9GcREj22c-wMNL5IDmU99v8G7voUl17Yxm0JJqMLqttdPT4DnaB99zqVK7HWiNzjP3aZnzCEf-ikAqb2yiDk', '잘 키울 수 있음'),
(55, 2, 1, 1, 'REJECTED', now(), now(), '직장인', '집', 3, 'www.naver.com', '서울', true,  'https://encrypted-tbn1.gstatic.com/licensed-image?q=tbn:ANd9GcREj22c-wMNL5IDmU99v8G7voUl17Yxm0JJqMLqttdPT4DnaB99zqVK7HWiNzjP3aZnzCEf-ikAqb2yiDk', '잘 키울 수 있음'),
(56, 2, 1, 1, 'REJECTED', now(), now(), '직장인', '집', 3, 'www.naver.com', '서울', true,  'https://encrypted-tbn1.gstatic.com/licensed-image?q=tbn:ANd9GcREj22c-wMNL5IDmU99v8G7voUl17Yxm0JJqMLqttdPT4DnaB99zqVK7HWiNzjP3aZnzCEf-ikAqb2yiDk', '잘 키울 수 있음'),
(57, 2, 1, 1, 'REJECTED', now(), now(), '직장인', '집', 3, 'www.naver.com', '서울', true,  'https://encrypted-tbn1.gstatic.com/licensed-image?q=tbn:ANd9GcREj22c-wMNL5IDmU99v8G7voUl17Yxm0JJqMLqttdPT4DnaB99zqVK7HWiNzjP3aZnzCEf-ikAqb2yiDk', '잘 키울 수 있음'),
(58, 2, 1, 1, 'REJECTED', now(), now(), '직장인', '집', 3, 'www.naver.com', '서울', true,  'https://encrypted-tbn1.gstatic.com/licensed-image?q=tbn:ANd9GcREj22c-wMNL5IDmU99v8G7voUl17Yxm0JJqMLqttdPT4DnaB99zqVK7HWiNzjP3aZnzCEf-ikAqb2yiDk', '잘 키울 수 있음'),
(59, 2, 1, 1, 'REJECTED', now(), now(), '직장인', '집', 3, 'www.naver.com', '서울', true,  'https://encrypted-tbn1.gstatic.com/licensed-image?q=tbn:ANd9GcREj22c-wMNL5IDmU99v8G7voUl17Yxm0JJqMLqttdPT4DnaB99zqVK7HWiNzjP3aZnzCEf-ikAqb2yiDk', '잘 키울 수 있음'),
(60, 2, 1, 1, 'REJECTED', now(), now(), '직장인', '집', 3, 'www.naver.com', '서울', true,  'https://encrypted-tbn1.gstatic.com/licensed-image?q=tbn:ANd9GcREj22c-wMNL5IDmU99v8G7voUl17Yxm0JJqMLqttdPT4DnaB99zqVK7HWiNzjP3aZnzCEf-ikAqb2yiDk', '잘 키울 수 있음'),
(61, 2, 1, 1, 'REJECTED', now(), now(), '직장인', '집', 3, 'www.naver.com', '서울', true,  'https://encrypted-tbn1.gstatic.com/licensed-image?q=tbn:ANd9GcREj22c-wMNL5IDmU99v8G7voUl17Yxm0JJqMLqttdPT4DnaB99zqVK7HWiNzjP3aZnzCEf-ikAqb2yiDk', '잘 키울 수 있음'),
(62, 2, 1, 1, 'REJECTED', now(), now(), '직장인', '집', 3, 'www.naver.com', '서울', true,  'https://encrypted-tbn1.gstatic.com/licensed-image?q=tbn:ANd9GcREj22c-wMNL5IDmU99v8G7voUl17Yxm0JJqMLqttdPT4DnaB99zqVK7HWiNzjP3aZnzCEf-ikAqb2yiDk', '잘 키울 수 있음'),
(63, 2, 1, 1, 'REJECTED', now(), now(), '직장인', '집', 3, 'www.naver.com', '서울', true,  'https://encrypted-tbn1.gstatic.com/licensed-image?q=tbn:ANd9GcREj22c-wMNL5IDmU99v8G7voUl17Yxm0JJqMLqttdPT4DnaB99zqVK7HWiNzjP3aZnzCEf-ikAqb2yiDk', '잘 키울 수 있음'),
(64, 2, 1, 1, 'REJECTED', now(), now(), '직장인', '집', 3, 'www.naver.com', '서울', true,  'https://encrypted-tbn1.gstatic.com/licensed-image?q=tbn:ANd9GcREj22c-wMNL5IDmU99v8G7voUl17Yxm0JJqMLqttdPT4DnaB99zqVK7HWiNzjP3aZnzCEf-ikAqb2yiDk', '잘 키울 수 있음'),
(65, 2, 1, 1, 'REJECTED', now(), now(), '직장인', '집', 3, 'www.naver.com', '서울', true,  'https://encrypted-tbn1.gstatic.com/licensed-image?q=tbn:ANd9GcREj22c-wMNL5IDmU99v8G7voUl17Yxm0JJqMLqttdPT4DnaB99zqVK7HWiNzjP3aZnzCEf-ikAqb2yiDk', '잘 키울 수 있음'),
(66, 2, 1, 1, 'REJECTED', now(), now(), '직장인', '집', 3, 'www.naver.com', '서울', true,  'https://encrypted-tbn1.gstatic.com/licensed-image?q=tbn:ANd9GcREj22c-wMNL5IDmU99v8G7voUl17Yxm0JJqMLqttdPT4DnaB99zqVK7HWiNzjP3aZnzCEf-ikAqb2yiDk', '잘 키울 수 있음'),
(67, 2, 1, 1, 'REJECTED', now(), now(), '직장인', '집', 3, 'www.naver.com', '서울', true,  'https://encrypted-tbn1.gstatic.com/licensed-image?q=tbn:ANd9GcREj22c-wMNL5IDmU99v8G7voUl17Yxm0JJqMLqttdPT4DnaB99zqVK7HWiNzjP3aZnzCEf-ikAqb2yiDk', '잘 키울 수 있음'),
(68, 2, 1, 1, 'REJECTED', now(), now(), '직장인', '집', 3, 'www.naver.com', '서울', true,  'https://encrypted-tbn1.gstatic.com/licensed-image?q=tbn:ANd9GcREj22c-wMNL5IDmU99v8G7voUl17Yxm0JJqMLqttdPT4DnaB99zqVK7HWiNzjP3aZnzCEf-ikAqb2yiDk', '잘 키울 수 있음'),
(69, 2, 1, 1, 'REJECTED', now(), now(), '직장인', '집', 3, 'www.naver.com', '서울', true,  'https://encrypted-tbn1.gstatic.com/licensed-image?q=tbn:ANd9GcREj22c-wMNL5IDmU99v8G7voUl17Yxm0JJqMLqttdPT4DnaB99zqVK7HWiNzjP3aZnzCEf-ikAqb2yiDk', '잘 키울 수 있음'),
(70, 2, 1, 1, 'REJECTED', now(), now(), '직장인', '집', 3, 'www.naver.com', '서울', true,  'https://encrypted-tbn1.gstatic.com/licensed-image?q=tbn:ANd9GcREj22c-wMNL5IDmU99v8G7voUl17Yxm0JJqMLqttdPT4DnaB99zqVK7HWiNzjP3aZnzCEf-ikAqb2yiDk', '잘 키울 수 있음'),
(71, 2, 1, 1, 'REJECTED', now(), now(), '직장인', '집', 3, 'www.naver.com', '서울', true,  'https://encrypted-tbn1.gstatic.com/licensed-image?q=tbn:ANd9GcREj22c-wMNL5IDmU99v8G7voUl17Yxm0JJqMLqttdPT4DnaB99zqVK7HWiNzjP3aZnzCEf-ikAqb2yiDk', '잘 키울 수 있음'),
(72, 2, 1, 1, 'REJECTED', now(), now(), '직장인', '집', 3, 'www.naver.com', '서울', true,  'https://encrypted-tbn1.gstatic.com/licensed-image?q=tbn:ANd9GcREj22c-wMNL5IDmU99v8G7voUl17Yxm0JJqMLqttdPT4DnaB99zqVK7HWiNzjP3aZnzCEf-ikAqb2yiDk', '잘 키울 수 있음'),
(73, 2, 1, 1, 'REJECTED', now(), now(), '직장인', '집', 3, 'www.naver.com', '서울', true,  'https://encrypted-tbn1.gstatic.com/licensed-image?q=tbn:ANd9GcREj22c-wMNL5IDmU99v8G7voUl17Yxm0JJqMLqttdPT4DnaB99zqVK7HWiNzjP3aZnzCEf-ikAqb2yiDk', '잘 키울 수 있음'),
(74, 2, 1, 1, 'REJECTED', now(), now(), '직장인', '집', 3, 'www.naver.com', '서울', true,  'https://encrypted-tbn1.gstatic.com/licensed-image?q=tbn:ANd9GcREj22c-wMNL5IDmU99v8G7voUl17Yxm0JJqMLqttdPT4DnaB99zqVK7HWiNzjP3aZnzCEf-ikAqb2yiDk', '잘 키울 수 있음'),
(75, 2, 1, 1, 'REJECTED', now(), now(), '직장인', '집', 3, 'www.naver.com', '서울', true,  'https://encrypted-tbn1.gstatic.com/licensed-image?q=tbn:ANd9GcREj22c-wMNL5IDmU99v8G7voUl17Yxm0JJqMLqttdPT4DnaB99zqVK7HWiNzjP3aZnzCEf-ikAqb2yiDk', '잘 키울 수 있음'),
(76, 2, 1, 1, 'REJECTED', now(), now(), '직장인', '집', 3, 'www.naver.com', '서울', true,  'https://encrypted-tbn1.gstatic.com/licensed-image?q=tbn:ANd9GcREj22c-wMNL5IDmU99v8G7voUl17Yxm0JJqMLqttdPT4DnaB99zqVK7HWiNzjP3aZnzCEf-ikAqb2yiDk', '잘 키울 수 있음'),
(77, 2, 1, 1, 'REJECTED', now(), now(), '직장인', '집', 3, 'www.naver.com', '서울', true,  'https://encrypted-tbn1.gstatic.com/licensed-image?q=tbn:ANd9GcREj22c-wMNL5IDmU99v8G7voUl17Yxm0JJqMLqttdPT4DnaB99zqVK7HWiNzjP3aZnzCEf-ikAqb2yiDk', '잘 키울 수 있음'),
(78, 2, 1, 1, 'REJECTED', now(), now(), '직장인', '집', 3, 'www.naver.com', '서울', true,  'https://encrypted-tbn1.gstatic.com/licensed-image?q=tbn:ANd9GcREj22c-wMNL5IDmU99v8G7voUl17Yxm0JJqMLqttdPT4DnaB99zqVK7HWiNzjP3aZnzCEf-ikAqb2yiDk', '잘 키울 수 있음'),
(79, 2, 1, 1, 'REJECTED', now(), now(), '직장인', '집', 3, 'www.naver.com', '서울', true,  'https://encrypted-tbn1.gstatic.com/licensed-image?q=tbn:ANd9GcREj22c-wMNL5IDmU99v8G7voUl17Yxm0JJqMLqttdPT4DnaB99zqVK7HWiNzjP3aZnzCEf-ikAqb2yiDk', '잘 키울 수 있음'),
(80, 2, 1, 1, 'REJECTED', now(), now(), '직장인', '집', 3, 'www.naver.com', '서울', true,  'https://encrypted-tbn1.gstatic.com/licensed-image?q=tbn:ANd9GcREj22c-wMNL5IDmU99v8G7voUl17Yxm0JJqMLqttdPT4DnaB99zqVK7HWiNzjP3aZnzCEf-ikAqb2yiDk', '잘 키울 수 있음'),
(81, 2, 1, 1, 'REJECTED', now(), now(), '직장인', '집', 3, 'www.naver.com', '서울', true,  'https://encrypted-tbn1.gstatic.com/licensed-image?q=tbn:ANd9GcREj22c-wMNL5IDmU99v8G7voUl17Yxm0JJqMLqttdPT4DnaB99zqVK7HWiNzjP3aZnzCEf-ikAqb2yiDk', '잘 키울 수 있음'),
(82, 2, 1, 1, 'REJECTED', now(), now(), '직장인', '집', 3, 'www.naver.com', '서울', true,  'https://encrypted-tbn1.gstatic.com/licensed-image?q=tbn:ANd9GcREj22c-wMNL5IDmU99v8G7voUl17Yxm0JJqMLqttdPT4DnaB99zqVK7HWiNzjP3aZnzCEf-ikAqb2yiDk', '잘 키울 수 있음'),
(83, 2, 1, 1, 'REJECTED', now(), now(), '직장인', '집', 3, 'www.naver.com', '서울', true,  'https://encrypted-tbn1.gstatic.com/licensed-image?q=tbn:ANd9GcREj22c-wMNL5IDmU99v8G7voUl17Yxm0JJqMLqttdPT4DnaB99zqVK7HWiNzjP3aZnzCEf-ikAqb2yiDk', '잘 키울 수 있음'),
(84, 2, 1, 1, 'REJECTED', now(), now(), '직장인', '집', 3, 'www.naver.com', '서울', true,  'https://encrypted-tbn1.gstatic.com/licensed-image?q=tbn:ANd9GcREj22c-wMNL5IDmU99v8G7voUl17Yxm0JJqMLqttdPT4DnaB99zqVK7HWiNzjP3aZnzCEf-ikAqb2yiDk', '잘 키울 수 있음'),
(85, 2, 1, 1, 'REJECTED', now(), now(), '직장인', '집', 3, 'www.naver.com', '서울', true,  'https://encrypted-tbn1.gstatic.com/licensed-image?q=tbn:ANd9GcREj22c-wMNL5IDmU99v8G7voUl17Yxm0JJqMLqttdPT4DnaB99zqVK7HWiNzjP3aZnzCEf-ikAqb2yiDk', '잘 키울 수 있음'),
(86, 2, 1, 1, 'REJECTED', now(), now(), '직장인', '집', 3, 'www.naver.com', '서울', true,  'https://encrypted-tbn1.gstatic.com/licensed-image?q=tbn:ANd9GcREj22c-wMNL5IDmU99v8G7voUl17Yxm0JJqMLqttdPT4DnaB99zqVK7HWiNzjP3aZnzCEf-ikAqb2yiDk', '잘 키울 수 있음'),
(87, 2, 1, 1, 'REJECTED', now(), now(), '직장인', '집', 3, 'www.naver.com', '서울', true,  'https://encrypted-tbn1.gstatic.com/licensed-image?q=tbn:ANd9GcREj22c-wMNL5IDmU99v8G7voUl17Yxm0JJqMLqttdPT4DnaB99zqVK7HWiNzjP3aZnzCEf-ikAqb2yiDk', '잘 키울 수 있음'),
(88, 2, 1, 1, 'REJECTED', now(), now(), '직장인', '집', 3, 'www.naver.com', '서울', true,  'https://encrypted-tbn1.gstatic.com/licensed-image?q=tbn:ANd9GcREj22c-wMNL5IDmU99v8G7voUl17Yxm0JJqMLqttdPT4DnaB99zqVK7HWiNzjP3aZnzCEf-ikAqb2yiDk', '잘 키울 수 있음'),
(89, 2, 1, 1, 'REJECTED', now(), now(), '직장인', '집', 3, 'www.naver.com', '서울', true,  'https://encrypted-tbn1.gstatic.com/licensed-image?q=tbn:ANd9GcREj22c-wMNL5IDmU99v8G7voUl17Yxm0JJqMLqttdPT4DnaB99zqVK7HWiNzjP3aZnzCEf-ikAqb2yiDk', '잘 키울 수 있음'),
(90, 2, 1, 1, 'REJECTED', now(), now(), '직장인', '집', 3, 'www.naver.com', '서울', true,  'https://encrypted-tbn1.gstatic.com/licensed-image?q=tbn:ANd9GcREj22c-wMNL5IDmU99v8G7voUl17Yxm0JJqMLqttdPT4DnaB99zqVK7HWiNzjP3aZnzCEf-ikAqb2yiDk', '잘 키울 수 있음'),
(91, 2, 1, 1, 'REJECTED', now(), now(), '직장인', '집', 3, 'www.naver.com', '서울', true,  'https://encrypted-tbn1.gstatic.com/licensed-image?q=tbn:ANd9GcREj22c-wMNL5IDmU99v8G7voUl17Yxm0JJqMLqttdPT4DnaB99zqVK7HWiNzjP3aZnzCEf-ikAqb2yiDk', '잘 키울 수 있음'),
(92, 2, 1, 1, 'REJECTED', now(), now(), '직장인', '집', 3, 'www.naver.com', '서울', true,  'https://encrypted-tbn1.gstatic.com/licensed-image?q=tbn:ANd9GcREj22c-wMNL5IDmU99v8G7voUl17Yxm0JJqMLqttdPT4DnaB99zqVK7HWiNzjP3aZnzCEf-ikAqb2yiDk', '잘 키울 수 있음'),
(93, 2, 1, 1, 'REJECTED', now(), now(), '직장인', '집', 3, 'www.naver.com', '서울', true,  'https://encrypted-tbn1.gstatic.com/licensed-image?q=tbn:ANd9GcREj22c-wMNL5IDmU99v8G7voUl17Yxm0JJqMLqttdPT4DnaB99zqVK7HWiNzjP3aZnzCEf-ikAqb2yiDk', '잘 키울 수 있음'),
(94, 2, 1, 1, 'REJECTED', now(), now(), '직장인', '집', 3, 'www.naver.com', '서울', true,  'https://encrypted-tbn1.gstatic.com/licensed-image?q=tbn:ANd9GcREj22c-wMNL5IDmU99v8G7voUl17Yxm0JJqMLqttdPT4DnaB99zqVK7HWiNzjP3aZnzCEf-ikAqb2yiDk', '잘 키울 수 있음'),
(95, 2, 1, 1, 'REJECTED', now(), now(), '직장인', '집', 3, 'www.naver.com', '서울', true,  'https://encrypted-tbn1.gstatic.com/licensed-image?q=tbn:ANd9GcREj22c-wMNL5IDmU99v8G7voUl17Yxm0JJqMLqttdPT4DnaB99zqVK7HWiNzjP3aZnzCEf-ikAqb2yiDk', '잘 키울 수 있음'),
(96, 2, 1, 1, 'REJECTED', now(), now(), '직장인', '집', 3, 'www.naver.com', '서울', true,  'https://encrypted-tbn1.gstatic.com/licensed-image?q=tbn:ANd9GcREj22c-wMNL5IDmU99v8G7voUl17Yxm0JJqMLqttdPT4DnaB99zqVK7HWiNzjP3aZnzCEf-ikAqb2yiDk', '잘 키울 수 있음'),
(97, 2, 1, 1, 'REJECTED', now(), now(), '직장인', '집', 3, 'www.naver.com', '서울', true,  'https://encrypted-tbn1.gstatic.com/licensed-image?q=tbn:ANd9GcREj22c-wMNL5IDmU99v8G7voUl17Yxm0JJqMLqttdPT4DnaB99zqVK7HWiNzjP3aZnzCEf-ikAqb2yiDk', '잘 키울 수 있음'),
(98, 2, 1, 1, 'REJECTED', now(), now(), '직장인', '집', 3, 'www.naver.com', '서울', true,  'https://encrypted-tbn1.gstatic.com/licensed-image?q=tbn:ANd9GcREj22c-wMNL5IDmU99v8G7voUl17Yxm0JJqMLqttdPT4DnaB99zqVK7HWiNzjP3aZnzCEf-ikAqb2yiDk', '잘 키울 수 있음'),
(99, 2, 1, 1, 'REJECTED', now(), now(), '직장인', '집', 3, 'www.naver.com', '서울', true,  'https://encrypted-tbn1.gstatic.com/licensed-image?q=tbn:ANd9GcREj22c-wMNL5IDmU99v8G7voUl17Yxm0JJqMLqttdPT4DnaB99zqVK7HWiNzjP3aZnzCEf-ikAqb2yiDk', '잘 키울 수 있음'),
(100, 2, 1, 1, 'REJECTED', now(), now(), '직장인', '집', 3, 'www.naver.com', '서울', true,  'https://encrypted-tbn1.gstatic.com/licensed-image?q=tbn:ANd9GcREj22c-wMNL5IDmU99v8G7voUl17Yxm0JJqMLqttdPT4DnaB99zqVK7HWiNzjP3aZnzCEf-ikAqb2yiDk', '잘 키울 수 있음'),
(101, 2, 1, 1, 'WAITING', now(), now(), '직장인', '집', 3, 'www.naver.com', '서울', true,  'https://encrypted-tbn1.gstatic.com/licensed-image?q=tbn:ANd9GcREj22c-wMNL5IDmU99v8G7voUl17Yxm0JJqMLqttdPT4DnaB99zqVK7HWiNzjP3aZnzCEf-ikAqb2yiDk', '잘 키울 수 있음'),
(102, 2, 1, 1, 'WAITING', now(), now(), '직장인', '집', 3, 'www.naver.com', '서울', true,  'https://encrypted-tbn1.gstatic.com/licensed-image?q=tbn:ANd9GcREj22c-wMNL5IDmU99v8G7voUl17Yxm0JJqMLqttdPT4DnaB99zqVK7HWiNzjP3aZnzCEf-ikAqb2yiDk', '잘 키울 수 있음'),
(103, 2, 1, 1, 'WAITING', now(), now(), '직장인', '집', 3, 'www.naver.com', '서울', true,  'https://encrypted-tbn1.gstatic.com/licensed-image?q=tbn:ANd9GcREj22c-wMNL5IDmU99v8G7voUl17Yxm0JJqMLqttdPT4DnaB99zqVK7HWiNzjP3aZnzCEf-ikAqb2yiDk', '잘 키울 수 있음'),
(104, 2, 1, 1, 'WAITING', now(), now(), '직장인', '집', 3, 'www.naver.com', '서울', true,  'https://encrypted-tbn1.gstatic.com/licensed-image?q=tbn:ANd9GcREj22c-wMNL5IDmU99v8G7voUl17Yxm0JJqMLqttdPT4DnaB99zqVK7HWiNzjP3aZnzCEf-ikAqb2yiDk', '잘 키울 수 있음'),
(105, 2, 1, 1, 'WAITING', now(), now(), '직장인', '집', 3, 'www.naver.com', '서울', true,  'https://encrypted-tbn1.gstatic.com/licensed-image?q=tbn:ANd9GcREj22c-wMNL5IDmU99v8G7voUl17Yxm0JJqMLqttdPT4DnaB99zqVK7HWiNzjP3aZnzCEf-ikAqb2yiDk', '잘 키울 수 있음'),
(106, 2, 1, 1, 'WAITING', now(), now(), '직장인', '집', 3, 'www.naver.com', '서울', true,  'https://encrypted-tbn1.gstatic.com/licensed-image?q=tbn:ANd9GcREj22c-wMNL5IDmU99v8G7voUl17Yxm0JJqMLqttdPT4DnaB99zqVK7HWiNzjP3aZnzCEf-ikAqb2yiDk', '잘 키울 수 있음'),
(107, 2, 1, 1, 'WAITING', now(), now(), '직장인', '집', 3, 'www.naver.com', '서울', true,  'https://encrypted-tbn1.gstatic.com/licensed-image?q=tbn:ANd9GcREj22c-wMNL5IDmU99v8G7voUl17Yxm0JJqMLqttdPT4DnaB99zqVK7HWiNzjP3aZnzCEf-ikAqb2yiDk', '잘 키울 수 있음'),
(108, 2, 1, 1, 'WAITING', now(), now(), '직장인', '집', 3, 'www.naver.com', '서울', true,  'https://encrypted-tbn1.gstatic.com/licensed-image?q=tbn:ANd9GcREj22c-wMNL5IDmU99v8G7voUl17Yxm0JJqMLqttdPT4DnaB99zqVK7HWiNzjP3aZnzCEf-ikAqb2yiDk', '잘 키울 수 있음'),
(109, 2, 1, 1, 'WAITING', now(), now(), '직장인', '집', 3, 'www.naver.com', '서울', true,  'https://encrypted-tbn1.gstatic.com/licensed-image?q=tbn:ANd9GcREj22c-wMNL5IDmU99v8G7voUl17Yxm0JJqMLqttdPT4DnaB99zqVK7HWiNzjP3aZnzCEf-ikAqb2yiDk', '잘 키울 수 있음'),
(110, 2, 1, 1, 'WAITING', now(), now(), '직장인', '집', 3, 'www.naver.com', '서울', true,  'https://encrypted-tbn1.gstatic.com/licensed-image?q=tbn:ANd9GcREj22c-wMNL5IDmU99v8G7voUl17Yxm0JJqMLqttdPT4DnaB99zqVK7HWiNzjP3aZnzCEf-ikAqb2yiDk', '잘 키울 수 있음'),
(111, 2, 1, 1, 'WAITING', now(), now(), '직장인', '집', 3, 'www.naver.com', '서울', true,  'https://encrypted-tbn1.gstatic.com/licensed-image?q=tbn:ANd9GcREj22c-wMNL5IDmU99v8G7voUl17Yxm0JJqMLqttdPT4DnaB99zqVK7HWiNzjP3aZnzCEf-ikAqb2yiDk', '잘 키울 수 있음'),
(112, 2, 1, 1, 'WAITING', now(), now(), '직장인', '집', 3, 'www.naver.com', '서울', true,  'https://encrypted-tbn1.gstatic.com/licensed-image?q=tbn:ANd9GcREj22c-wMNL5IDmU99v8G7voUl17Yxm0JJqMLqttdPT4DnaB99zqVK7HWiNzjP3aZnzCEf-ikAqb2yiDk', '잘 키울 수 있음'),
(113, 2, 1, 1, 'WAITING', now(), now(), '직장인', '집', 3, 'www.naver.com', '서울', true,  'https://encrypted-tbn1.gstatic.com/licensed-image?q=tbn:ANd9GcREj22c-wMNL5IDmU99v8G7voUl17Yxm0JJqMLqttdPT4DnaB99zqVK7HWiNzjP3aZnzCEf-ikAqb2yiDk', '잘 키울 수 있음'),
(114, 2, 1, 1, 'WAITING', now(), now(), '직장인', '집', 3, 'www.naver.com', '서울', true,  'https://encrypted-tbn1.gstatic.com/licensed-image?q=tbn:ANd9GcREj22c-wMNL5IDmU99v8G7voUl17Yxm0JJqMLqttdPT4DnaB99zqVK7HWiNzjP3aZnzCEf-ikAqb2yiDk', '잘 키울 수 있음'),
(115, 2, 1, 1, 'WAITING', now(), now(), '직장인', '집', 3, 'www.naver.com', '서울', true,  'https://encrypted-tbn1.gstatic.com/licensed-image?q=tbn:ANd9GcREj22c-wMNL5IDmU99v8G7voUl17Yxm0JJqMLqttdPT4DnaB99zqVK7HWiNzjP3aZnzCEf-ikAqb2yiDk', '잘 키울 수 있음'),
(116, 2, 1, 1, 'WAITING', now(), now(), '직장인', '집', 3, 'www.naver.com', '서울', true,  'https://encrypted-tbn1.gstatic.com/licensed-image?q=tbn:ANd9GcREj22c-wMNL5IDmU99v8G7voUl17Yxm0JJqMLqttdPT4DnaB99zqVK7HWiNzjP3aZnzCEf-ikAqb2yiDk', '잘 키울 수 있음'),
(117, 2, 1, 1, 'WAITING', now(), now(), '직장인', '집', 3, 'www.naver.com', '서울', true,  'https://encrypted-tbn1.gstatic.com/licensed-image?q=tbn:ANd9GcREj22c-wMNL5IDmU99v8G7voUl17Yxm0JJqMLqttdPT4DnaB99zqVK7HWiNzjP3aZnzCEf-ikAqb2yiDk', '잘 키울 수 있음'),
(118, 2, 1, 1, 'WAITING', now(), now(), '직장인', '집', 3, 'www.naver.com', '서울', true,  'https://encrypted-tbn1.gstatic.com/licensed-image?q=tbn:ANd9GcREj22c-wMNL5IDmU99v8G7voUl17Yxm0JJqMLqttdPT4DnaB99zqVK7HWiNzjP3aZnzCEf-ikAqb2yiDk', '잘 키울 수 있음'),
(119, 2, 1, 1, 'WAITING', now(), now(), '직장인', '집', 3, 'www.naver.com', '서울', true,  'https://encrypted-tbn1.gstatic.com/licensed-image?q=tbn:ANd9GcREj22c-wMNL5IDmU99v8G7voUl17Yxm0JJqMLqttdPT4DnaB99zqVK7HWiNzjP3aZnzCEf-ikAqb2yiDk', '잘 키울 수 있음'),
(120, 2, 1, 1, 'WAITING', now(), now(), '직장인', '집', 3, 'www.naver.com', '서울', true,  'https://encrypted-tbn1.gstatic.com/licensed-image?q=tbn:ANd9GcREj22c-wMNL5IDmU99v8G7voUl17Yxm0JJqMLqttdPT4DnaB99zqVK7HWiNzjP3aZnzCEf-ikAqb2yiDk', '잘 키울 수 있음'),
(121, 2, 1, 1, 'WAITING', now(), now(), '직장인', '집', 3, 'www.naver.com', '서울', true,  'https://encrypted-tbn1.gstatic.com/licensed-image?q=tbn:ANd9GcREj22c-wMNL5IDmU99v8G7voUl17Yxm0JJqMLqttdPT4DnaB99zqVK7HWiNzjP3aZnzCEf-ikAqb2yiDk', '잘 키울 수 있음'),
(122, 2, 1, 1, 'WAITING', now(), now(), '직장인', '집', 3, 'www.naver.com', '서울', true,  'https://encrypted-tbn1.gstatic.com/licensed-image?q=tbn:ANd9GcREj22c-wMNL5IDmU99v8G7voUl17Yxm0JJqMLqttdPT4DnaB99zqVK7HWiNzjP3aZnzCEf-ikAqb2yiDk', '잘 키울 수 있음'),
(123, 2, 1, 1, 'WAITING', now(), now(), '직장인', '집', 3, 'www.naver.com', '서울', true,  'https://encrypted-tbn1.gstatic.com/licensed-image?q=tbn:ANd9GcREj22c-wMNL5IDmU99v8G7voUl17Yxm0JJqMLqttdPT4DnaB99zqVK7HWiNzjP3aZnzCEf-ikAqb2yiDk', '잘 키울 수 있음'),
(124, 2, 1, 1, 'WAITING', now(), now(), '직장인', '집', 3, 'www.naver.com', '서울', true,  'https://encrypted-tbn1.gstatic.com/licensed-image?q=tbn:ANd9GcREj22c-wMNL5IDmU99v8G7voUl17Yxm0JJqMLqttdPT4DnaB99zqVK7HWiNzjP3aZnzCEf-ikAqb2yiDk', '잘 키울 수 있음'),
(125, 2, 1, 1, 'WAITING', now(), now(), '직장인', '집', 3, 'www.naver.com', '서울', true,  'https://encrypted-tbn1.gstatic.com/licensed-image?q=tbn:ANd9GcREj22c-wMNL5IDmU99v8G7voUl17Yxm0JJqMLqttdPT4DnaB99zqVK7HWiNzjP3aZnzCEf-ikAqb2yiDk', '잘 키울 수 있음'),
(126, 2, 1, 1, 'WAITING', now(), now(), '직장인', '집', 3, 'www.naver.com', '서울', true,  'https://encrypted-tbn1.gstatic.com/licensed-image?q=tbn:ANd9GcREj22c-wMNL5IDmU99v8G7voUl17Yxm0JJqMLqttdPT4DnaB99zqVK7HWiNzjP3aZnzCEf-ikAqb2yiDk', '잘 키울 수 있음'),
(127, 2, 1, 1, 'WAITING', now(), now(), '직장인', '집', 3, 'www.naver.com', '서울', true,  'https://encrypted-tbn1.gstatic.com/licensed-image?q=tbn:ANd9GcREj22c-wMNL5IDmU99v8G7voUl17Yxm0JJqMLqttdPT4DnaB99zqVK7HWiNzjP3aZnzCEf-ikAqb2yiDk', '잘 키울 수 있음'),
(128, 2, 1, 1, 'WAITING', now(), now(), '직장인', '집', 3, 'www.naver.com', '서울', true,  'https://encrypted-tbn1.gstatic.com/licensed-image?q=tbn:ANd9GcREj22c-wMNL5IDmU99v8G7voUl17Yxm0JJqMLqttdPT4DnaB99zqVK7HWiNzjP3aZnzCEf-ikAqb2yiDk', '잘 키울 수 있음'),
(129, 2, 1, 1, 'WAITING', now(), now(), '직장인', '집', 3, 'www.naver.com', '서울', true,  'https://encrypted-tbn1.gstatic.com/licensed-image?q=tbn:ANd9GcREj22c-wMNL5IDmU99v8G7voUl17Yxm0JJqMLqttdPT4DnaB99zqVK7HWiNzjP3aZnzCEf-ikAqb2yiDk', '잘 키울 수 있음'),
(130, 2, 1, 1, 'WAITING', now(), now(), '직장인', '집', 3, 'www.naver.com', '서울', true,  'https://encrypted-tbn1.gstatic.com/licensed-image?q=tbn:ANd9GcREj22c-wMNL5IDmU99v8G7voUl17Yxm0JJqMLqttdPT4DnaB99zqVK7HWiNzjP3aZnzCEf-ikAqb2yiDk', '잘 키울 수 있음'),
(131, 2, 1, 1, 'WAITING', now(), now(), '직장인', '집', 3, 'www.naver.com', '서울', true,  'https://encrypted-tbn1.gstatic.com/licensed-image?q=tbn:ANd9GcREj22c-wMNL5IDmU99v8G7voUl17Yxm0JJqMLqttdPT4DnaB99zqVK7HWiNzjP3aZnzCEf-ikAqb2yiDk', '잘 키울 수 있음'),
(132, 2, 1, 1, 'WAITING', now(), now(), '직장인', '집', 3, 'www.naver.com', '서울', true,  'https://encrypted-tbn1.gstatic.com/licensed-image?q=tbn:ANd9GcREj22c-wMNL5IDmU99v8G7voUl17Yxm0JJqMLqttdPT4DnaB99zqVK7HWiNzjP3aZnzCEf-ikAqb2yiDk', '잘 키울 수 있음'),
(133, 2, 1, 1, 'WAITING', now(), now(), '직장인', '집', 3, 'www.naver.com', '서울', true,  'https://encrypted-tbn1.gstatic.com/licensed-image?q=tbn:ANd9GcREj22c-wMNL5IDmU99v8G7voUl17Yxm0JJqMLqttdPT4DnaB99zqVK7HWiNzjP3aZnzCEf-ikAqb2yiDk', '잘 키울 수 있음'),
(134, 2, 1, 1, 'WAITING', now(), now(), '직장인', '집', 3, 'www.naver.com', '서울', true,  'https://encrypted-tbn1.gstatic.com/licensed-image?q=tbn:ANd9GcREj22c-wMNL5IDmU99v8G7voUl17Yxm0JJqMLqttdPT4DnaB99zqVK7HWiNzjP3aZnzCEf-ikAqb2yiDk', '잘 키울 수 있음'),
(135, 2, 1, 1, 'WAITING', now(), now(), '직장인', '집', 3, 'www.naver.com', '서울', true,  'https://encrypted-tbn1.gstatic.com/licensed-image?q=tbn:ANd9GcREj22c-wMNL5IDmU99v8G7voUl17Yxm0JJqMLqttdPT4DnaB99zqVK7HWiNzjP3aZnzCEf-ikAqb2yiDk', '잘 키울 수 있음'),
(136, 2, 1, 1, 'WAITING', now(), now(), '직장인', '집', 3, 'www.naver.com', '서울', true,  'https://encrypted-tbn1.gstatic.com/licensed-image?q=tbn:ANd9GcREj22c-wMNL5IDmU99v8G7voUl17Yxm0JJqMLqttdPT4DnaB99zqVK7HWiNzjP3aZnzCEf-ikAqb2yiDk', '잘 키울 수 있음'),
(137, 2, 1, 1, 'WAITING', now(), now(), '직장인', '집', 3, 'www.naver.com', '서울', true,  'https://encrypted-tbn1.gstatic.com/licensed-image?q=tbn:ANd9GcREj22c-wMNL5IDmU99v8G7voUl17Yxm0JJqMLqttdPT4DnaB99zqVK7HWiNzjP3aZnzCEf-ikAqb2yiDk', '잘 키울 수 있음'),
(138, 2, 1, 1, 'WAITING', now(), now(), '직장인', '집', 3, 'www.naver.com', '서울', true,  'https://encrypted-tbn1.gstatic.com/licensed-image?q=tbn:ANd9GcREj22c-wMNL5IDmU99v8G7voUl17Yxm0JJqMLqttdPT4DnaB99zqVK7HWiNzjP3aZnzCEf-ikAqb2yiDk', '잘 키울 수 있음'),
(139, 2, 1, 1, 'WAITING', now(), now(), '직장인', '집', 3, 'www.naver.com', '서울', true,  'https://encrypted-tbn1.gstatic.com/licensed-image?q=tbn:ANd9GcREj22c-wMNL5IDmU99v8G7voUl17Yxm0JJqMLqttdPT4DnaB99zqVK7HWiNzjP3aZnzCEf-ikAqb2yiDk', '잘 키울 수 있음'),
(140, 2, 1, 1, 'WAITING', now(), now(), '직장인', '집', 3, 'www.naver.com', '서울', true,  'https://encrypted-tbn1.gstatic.com/licensed-image?q=tbn:ANd9GcREj22c-wMNL5IDmU99v8G7voUl17Yxm0JJqMLqttdPT4DnaB99zqVK7HWiNzjP3aZnzCEf-ikAqb2yiDk', '잘 키울 수 있음'),
(141, 2, 1, 1, 'WAITING', now(), now(), '직장인', '집', 3, 'www.naver.com', '서울', true,  'https://encrypted-tbn1.gstatic.com/licensed-image?q=tbn:ANd9GcREj22c-wMNL5IDmU99v8G7voUl17Yxm0JJqMLqttdPT4DnaB99zqVK7HWiNzjP3aZnzCEf-ikAqb2yiDk', '잘 키울 수 있음'),
(142, 2, 1, 1, 'WAITING', now(), now(), '직장인', '집', 3, 'www.naver.com', '서울', true,  'https://encrypted-tbn1.gstatic.com/licensed-image?q=tbn:ANd9GcREj22c-wMNL5IDmU99v8G7voUl17Yxm0JJqMLqttdPT4DnaB99zqVK7HWiNzjP3aZnzCEf-ikAqb2yiDk', '잘 키울 수 있음'),
(143, 2, 1, 1, 'WAITING', now(), now(), '직장인', '집', 3, 'www.naver.com', '서울', true,  'https://encrypted-tbn1.gstatic.com/licensed-image?q=tbn:ANd9GcREj22c-wMNL5IDmU99v8G7voUl17Yxm0JJqMLqttdPT4DnaB99zqVK7HWiNzjP3aZnzCEf-ikAqb2yiDk', '잘 키울 수 있음'),
(144, 2, 1, 1, 'WAITING', now(), now(), '직장인', '집', 3, 'www.naver.com', '서울', true,  'https://encrypted-tbn1.gstatic.com/licensed-image?q=tbn:ANd9GcREj22c-wMNL5IDmU99v8G7voUl17Yxm0JJqMLqttdPT4DnaB99zqVK7HWiNzjP3aZnzCEf-ikAqb2yiDk', '잘 키울 수 있음'),
(145, 2, 1, 1, 'WAITING', now(), now(), '직장인', '집', 3, 'www.naver.com', '서울', true,  'https://encrypted-tbn1.gstatic.com/licensed-image?q=tbn:ANd9GcREj22c-wMNL5IDmU99v8G7voUl17Yxm0JJqMLqttdPT4DnaB99zqVK7HWiNzjP3aZnzCEf-ikAqb2yiDk', '잘 키울 수 있음'),
(146, 2, 1, 1, 'WAITING', now(), now(), '직장인', '집', 3, 'www.naver.com', '서울', true,  'https://encrypted-tbn1.gstatic.com/licensed-image?q=tbn:ANd9GcREj22c-wMNL5IDmU99v8G7voUl17Yxm0JJqMLqttdPT4DnaB99zqVK7HWiNzjP3aZnzCEf-ikAqb2yiDk', '잘 키울 수 있음'),
(147, 2, 1, 1, 'WAITING', now(), now(), '직장인', '집', 3, 'www.naver.com', '서울', true,  'https://encrypted-tbn1.gstatic.com/licensed-image?q=tbn:ANd9GcREj22c-wMNL5IDmU99v8G7voUl17Yxm0JJqMLqttdPT4DnaB99zqVK7HWiNzjP3aZnzCEf-ikAqb2yiDk', '잘 키울 수 있음'),
(148, 2, 1, 1, 'WAITING', now(), now(), '직장인', '집', 3, 'www.naver.com', '서울', true,  'https://encrypted-tbn1.gstatic.com/licensed-image?q=tbn:ANd9GcREj22c-wMNL5IDmU99v8G7voUl17Yxm0JJqMLqttdPT4DnaB99zqVK7HWiNzjP3aZnzCEf-ikAqb2yiDk', '잘 키울 수 있음'),
(149, 2, 1, 1, 'WAITING', now(), now(), '직장인', '집', 3, 'www.naver.com', '서울', true,  'https://encrypted-tbn1.gstatic.com/licensed-image?q=tbn:ANd9GcREj22c-wMNL5IDmU99v8G7voUl17Yxm0JJqMLqttdPT4DnaB99zqVK7HWiNzjP3aZnzCEf-ikAqb2yiDk', '잘 키울 수 있음'),
(150, 2, 1, 1, 'WAITING', now(), now(), '직장인', '집', 3, 'www.naver.com', '서울', true,  'https://encrypted-tbn1.gstatic.com/licensed-image?q=tbn:ANd9GcREj22c-wMNL5IDmU99v8G7voUl17Yxm0JJqMLqttdPT4DnaB99zqVK7HWiNzjP3aZnzCEf-ikAqb2yiDk', '잘 키울 수 있음'),
(151, 2, 1, 1, 'CANCEL', now(), now(), '직장인', '집', 3, 'www.naver.com', '서울', true,  'https://encrypted-tbn1.gstatic.com/licensed-image?q=tbn:ANd9GcREj22c-wMNL5IDmU99v8G7voUl17Yxm0JJqMLqttdPT4DnaB99zqVK7HWiNzjP3aZnzCEf-ikAqb2yiDk', '잘 키울 수 있음'),
(152, 2, 1, 1, 'CANCEL', now(), now(), '직장인', '집', 3, 'www.naver.com', '서울', true,  'https://encrypted-tbn1.gstatic.com/licensed-image?q=tbn:ANd9GcREj22c-wMNL5IDmU99v8G7voUl17Yxm0JJqMLqttdPT4DnaB99zqVK7HWiNzjP3aZnzCEf-ikAqb2yiDk', '잘 키울 수 있음'),
(153, 2, 1, 1, 'CANCEL', now(), now(), '직장인', '집', 3, 'www.naver.com', '서울', true,  'https://encrypted-tbn1.gstatic.com/licensed-image?q=tbn:ANd9GcREj22c-wMNL5IDmU99v8G7voUl17Yxm0JJqMLqttdPT4DnaB99zqVK7HWiNzjP3aZnzCEf-ikAqb2yiDk', '잘 키울 수 있음'),
(154, 2, 1, 1, 'CANCEL', now(), now(), '직장인', '집', 3, 'www.naver.com', '서울', true,  'https://encrypted-tbn1.gstatic.com/licensed-image?q=tbn:ANd9GcREj22c-wMNL5IDmU99v8G7voUl17Yxm0JJqMLqttdPT4DnaB99zqVK7HWiNzjP3aZnzCEf-ikAqb2yiDk', '잘 키울 수 있음'),
(155, 2, 1, 1, 'CANCEL', now(), now(), '직장인', '집', 3, 'www.naver.com', '서울', true,  'https://encrypted-tbn1.gstatic.com/licensed-image?q=tbn:ANd9GcREj22c-wMNL5IDmU99v8G7voUl17Yxm0JJqMLqttdPT4DnaB99zqVK7HWiNzjP3aZnzCEf-ikAqb2yiDk', '잘 키울 수 있음'),
(156, 2, 1, 1, 'CANCEL', now(), now(), '직장인', '집', 3, 'www.naver.com', '서울', true,  'https://encrypted-tbn1.gstatic.com/licensed-image?q=tbn:ANd9GcREj22c-wMNL5IDmU99v8G7voUl17Yxm0JJqMLqttdPT4DnaB99zqVK7HWiNzjP3aZnzCEf-ikAqb2yiDk', '잘 키울 수 있음'),
(157, 2, 1, 1, 'CANCEL', now(), now(), '직장인', '집', 3, 'www.naver.com', '서울', true,  'https://encrypted-tbn1.gstatic.com/licensed-image?q=tbn:ANd9GcREj22c-wMNL5IDmU99v8G7voUl17Yxm0JJqMLqttdPT4DnaB99zqVK7HWiNzjP3aZnzCEf-ikAqb2yiDk', '잘 키울 수 있음'),
(158, 2, 1, 1, 'CANCEL', now(), now(), '직장인', '집', 3, 'www.naver.com', '서울', true,  'https://encrypted-tbn1.gstatic.com/licensed-image?q=tbn:ANd9GcREj22c-wMNL5IDmU99v8G7voUl17Yxm0JJqMLqttdPT4DnaB99zqVK7HWiNzjP3aZnzCEf-ikAqb2yiDk', '잘 키울 수 있음'),
(159, 2, 1, 1, 'CANCEL', now(), now(), '직장인', '집', 3, 'www.naver.com', '서울', true,  'https://encrypted-tbn1.gstatic.com/licensed-image?q=tbn:ANd9GcREj22c-wMNL5IDmU99v8G7voUl17Yxm0JJqMLqttdPT4DnaB99zqVK7HWiNzjP3aZnzCEf-ikAqb2yiDk', '잘 키울 수 있음'),
(160, 2, 1, 1, 'CANCEL', now(), now(), '직장인', '집', 3, 'www.naver.com', '서울', true,  'https://encrypted-tbn1.gstatic.com/licensed-image?q=tbn:ANd9GcREj22c-wMNL5IDmU99v8G7voUl17Yxm0JJqMLqttdPT4DnaB99zqVK7HWiNzjP3aZnzCEf-ikAqb2yiDk', '잘 키울 수 있음'),
(161, 2, 1, 1, 'CANCEL', now(), now(), '직장인', '집', 3, 'www.naver.com', '서울', true,  'https://encrypted-tbn1.gstatic.com/licensed-image?q=tbn:ANd9GcREj22c-wMNL5IDmU99v8G7voUl17Yxm0JJqMLqttdPT4DnaB99zqVK7HWiNzjP3aZnzCEf-ikAqb2yiDk', '잘 키울 수 있음'),
(162, 2, 1, 1, 'CANCEL', now(), now(), '직장인', '집', 3, 'www.naver.com', '서울', true,  'https://encrypted-tbn1.gstatic.com/licensed-image?q=tbn:ANd9GcREj22c-wMNL5IDmU99v8G7voUl17Yxm0JJqMLqttdPT4DnaB99zqVK7HWiNzjP3aZnzCEf-ikAqb2yiDk', '잘 키울 수 있음'),
(163, 2, 1, 1, 'CANCEL', now(), now(), '직장인', '집', 3, 'www.naver.com', '서울', true,  'https://encrypted-tbn1.gstatic.com/licensed-image?q=tbn:ANd9GcREj22c-wMNL5IDmU99v8G7voUl17Yxm0JJqMLqttdPT4DnaB99zqVK7HWiNzjP3aZnzCEf-ikAqb2yiDk', '잘 키울 수 있음'),
(164, 2, 1, 1, 'CANCEL', now(), now(), '직장인', '집', 3, 'www.naver.com', '서울', true,  'https://encrypted-tbn1.gstatic.com/licensed-image?q=tbn:ANd9GcREj22c-wMNL5IDmU99v8G7voUl17Yxm0JJqMLqttdPT4DnaB99zqVK7HWiNzjP3aZnzCEf-ikAqb2yiDk', '잘 키울 수 있음'),
(165, 2, 1, 1, 'CANCEL', now(), now(), '직장인', '집', 3, 'www.naver.com', '서울', true,  'https://encrypted-tbn1.gstatic.com/licensed-image?q=tbn:ANd9GcREj22c-wMNL5IDmU99v8G7voUl17Yxm0JJqMLqttdPT4DnaB99zqVK7HWiNzjP3aZnzCEf-ikAqb2yiDk', '잘 키울 수 있음'),
(166, 2, 1, 1, 'CANCEL', now(), now(), '직장인', '집', 3, 'www.naver.com', '서울', true,  'https://encrypted-tbn1.gstatic.com/licensed-image?q=tbn:ANd9GcREj22c-wMNL5IDmU99v8G7voUl17Yxm0JJqMLqttdPT4DnaB99zqVK7HWiNzjP3aZnzCEf-ikAqb2yiDk', '잘 키울 수 있음'),
(167, 2, 1, 1, 'CANCEL', now(), now(), '직장인', '집', 3, 'www.naver.com', '서울', true,  'https://encrypted-tbn1.gstatic.com/licensed-image?q=tbn:ANd9GcREj22c-wMNL5IDmU99v8G7voUl17Yxm0JJqMLqttdPT4DnaB99zqVK7HWiNzjP3aZnzCEf-ikAqb2yiDk', '잘 키울 수 있음'),
(168, 2, 1, 1, 'CANCEL', now(), now(), '직장인', '집', 3, 'www.naver.com', '서울', true,  'https://encrypted-tbn1.gstatic.com/licensed-image?q=tbn:ANd9GcREj22c-wMNL5IDmU99v8G7voUl17Yxm0JJqMLqttdPT4DnaB99zqVK7HWiNzjP3aZnzCEf-ikAqb2yiDk', '잘 키울 수 있음'),
(169, 2, 1, 1, 'CANCEL', now(), now(), '직장인', '집', 3, 'www.naver.com', '서울', true,  'https://encrypted-tbn1.gstatic.com/licensed-image?q=tbn:ANd9GcREj22c-wMNL5IDmU99v8G7voUl17Yxm0JJqMLqttdPT4DnaB99zqVK7HWiNzjP3aZnzCEf-ikAqb2yiDk', '잘 키울 수 있음'),
(170, 2, 1, 1, 'CANCEL', now(), now(), '직장인', '집', 3, 'www.naver.com', '서울', true,  'https://encrypted-tbn1.gstatic.com/licensed-image?q=tbn:ANd9GcREj22c-wMNL5IDmU99v8G7voUl17Yxm0JJqMLqttdPT4DnaB99zqVK7HWiNzjP3aZnzCEf-ikAqb2yiDk', '잘 키울 수 있음'),
(171, 2, 1, 1, 'CANCEL', now(), now(), '직장인', '집', 3, 'www.naver.com', '서울', true,  'https://encrypted-tbn1.gstatic.com/licensed-image?q=tbn:ANd9GcREj22c-wMNL5IDmU99v8G7voUl17Yxm0JJqMLqttdPT4DnaB99zqVK7HWiNzjP3aZnzCEf-ikAqb2yiDk', '잘 키울 수 있음'),
(172, 2, 1, 1, 'CANCEL', now(), now(), '직장인', '집', 3, 'www.naver.com', '서울', true,  'https://encrypted-tbn1.gstatic.com/licensed-image?q=tbn:ANd9GcREj22c-wMNL5IDmU99v8G7voUl17Yxm0JJqMLqttdPT4DnaB99zqVK7HWiNzjP3aZnzCEf-ikAqb2yiDk', '잘 키울 수 있음'),
(173, 2, 1, 1, 'CANCEL', now(), now(), '직장인', '집', 3, 'www.naver.com', '서울', true,  'https://encrypted-tbn1.gstatic.com/licensed-image?q=tbn:ANd9GcREj22c-wMNL5IDmU99v8G7voUl17Yxm0JJqMLqttdPT4DnaB99zqVK7HWiNzjP3aZnzCEf-ikAqb2yiDk', '잘 키울 수 있음'),
(174, 2, 1, 1, 'CANCEL', now(), now(), '직장인', '집', 3, 'www.naver.com', '서울', true,  'https://encrypted-tbn1.gstatic.com/licensed-image?q=tbn:ANd9GcREj22c-wMNL5IDmU99v8G7voUl17Yxm0JJqMLqttdPT4DnaB99zqVK7HWiNzjP3aZnzCEf-ikAqb2yiDk', '잘 키울 수 있음'),
(175, 2, 1, 1, 'CANCEL', now(), now(), '직장인', '집', 3, 'www.naver.com', '서울', true,  'https://encrypted-tbn1.gstatic.com/licensed-image?q=tbn:ANd9GcREj22c-wMNL5IDmU99v8G7voUl17Yxm0JJqMLqttdPT4DnaB99zqVK7HWiNzjP3aZnzCEf-ikAqb2yiDk', '잘 키울 수 있음'),
(176, 2, 1, 1, 'CANCEL', now(), now(), '직장인', '집', 3, 'www.naver.com', '서울', true,  'https://encrypted-tbn1.gstatic.com/licensed-image?q=tbn:ANd9GcREj22c-wMNL5IDmU99v8G7voUl17Yxm0JJqMLqttdPT4DnaB99zqVK7HWiNzjP3aZnzCEf-ikAqb2yiDk', '잘 키울 수 있음'),
(177, 2, 1, 1, 'CANCEL', now(), now(), '직장인', '집', 3, 'www.naver.com', '서울', true,  'https://encrypted-tbn1.gstatic.com/licensed-image?q=tbn:ANd9GcREj22c-wMNL5IDmU99v8G7voUl17Yxm0JJqMLqttdPT4DnaB99zqVK7HWiNzjP3aZnzCEf-ikAqb2yiDk', '잘 키울 수 있음'),
(178, 2, 1, 1, 'CANCEL', now(), now(), '직장인', '집', 3, 'www.naver.com', '서울', true,  'https://encrypted-tbn1.gstatic.com/licensed-image?q=tbn:ANd9GcREj22c-wMNL5IDmU99v8G7voUl17Yxm0JJqMLqttdPT4DnaB99zqVK7HWiNzjP3aZnzCEf-ikAqb2yiDk', '잘 키울 수 있음'),
(179, 2, 1, 1, 'CANCEL', now(), now(), '직장인', '집', 3, 'www.naver.com', '서울', true,  'https://encrypted-tbn1.gstatic.com/licensed-image?q=tbn:ANd9GcREj22c-wMNL5IDmU99v8G7voUl17Yxm0JJqMLqttdPT4DnaB99zqVK7HWiNzjP3aZnzCEf-ikAqb2yiDk', '잘 키울 수 있음'),
(180, 2, 1, 1, 'CANCEL', now(), now(), '직장인', '집', 3, 'www.naver.com', '서울', true,  'https://encrypted-tbn1.gstatic.com/licensed-image?q=tbn:ANd9GcREj22c-wMNL5IDmU99v8G7voUl17Yxm0JJqMLqttdPT4DnaB99zqVK7HWiNzjP3aZnzCEf-ikAqb2yiDk', '잘 키울 수 있음'),
(181, 2, 1, 1, 'CANCEL', now(), now(), '직장인', '집', 3, 'www.naver.com', '서울', true,  'https://encrypted-tbn1.gstatic.com/licensed-image?q=tbn:ANd9GcREj22c-wMNL5IDmU99v8G7voUl17Yxm0JJqMLqttdPT4DnaB99zqVK7HWiNzjP3aZnzCEf-ikAqb2yiDk', '잘 키울 수 있음'),
(182, 2, 1, 1, 'CANCEL', now(), now(), '직장인', '집', 3, 'www.naver.com', '서울', true,  'https://encrypted-tbn1.gstatic.com/licensed-image?q=tbn:ANd9GcREj22c-wMNL5IDmU99v8G7voUl17Yxm0JJqMLqttdPT4DnaB99zqVK7HWiNzjP3aZnzCEf-ikAqb2yiDk', '잘 키울 수 있음'),
(183, 2, 1, 1, 'CANCEL', now(), now(), '직장인', '집', 3, 'www.naver.com', '서울', true,  'https://encrypted-tbn1.gstatic.com/licensed-image?q=tbn:ANd9GcREj22c-wMNL5IDmU99v8G7voUl17Yxm0JJqMLqttdPT4DnaB99zqVK7HWiNzjP3aZnzCEf-ikAqb2yiDk', '잘 키울 수 있음'),
(184, 2, 1, 1, 'CANCEL', now(), now(), '직장인', '집', 3, 'www.naver.com', '서울', true,  'https://encrypted-tbn1.gstatic.com/licensed-image?q=tbn:ANd9GcREj22c-wMNL5IDmU99v8G7voUl17Yxm0JJqMLqttdPT4DnaB99zqVK7HWiNzjP3aZnzCEf-ikAqb2yiDk', '잘 키울 수 있음'),
(185, 2, 1, 1, 'CANCEL', now(), now(), '직장인', '집', 3, 'www.naver.com', '서울', true,  'https://encrypted-tbn1.gstatic.com/licensed-image?q=tbn:ANd9GcREj22c-wMNL5IDmU99v8G7voUl17Yxm0JJqMLqttdPT4DnaB99zqVK7HWiNzjP3aZnzCEf-ikAqb2yiDk', '잘 키울 수 있음'),
(186, 2, 1, 1, 'CANCEL', now(), now(), '직장인', '집', 3, 'www.naver.com', '서울', true,  'https://encrypted-tbn1.gstatic.com/licensed-image?q=tbn:ANd9GcREj22c-wMNL5IDmU99v8G7voUl17Yxm0JJqMLqttdPT4DnaB99zqVK7HWiNzjP3aZnzCEf-ikAqb2yiDk', '잘 키울 수 있음'),
(187, 2, 1, 1, 'CANCEL', now(), now(), '직장인', '집', 3, 'www.naver.com', '서울', true,  'https://encrypted-tbn1.gstatic.com/licensed-image?q=tbn:ANd9GcREj22c-wMNL5IDmU99v8G7voUl17Yxm0JJqMLqttdPT4DnaB99zqVK7HWiNzjP3aZnzCEf-ikAqb2yiDk', '잘 키울 수 있음'),
(188, 2, 1, 1, 'CANCEL', now(), now(), '직장인', '집', 3, 'www.naver.com', '서울', true,  'https://encrypted-tbn1.gstatic.com/licensed-image?q=tbn:ANd9GcREj22c-wMNL5IDmU99v8G7voUl17Yxm0JJqMLqttdPT4DnaB99zqVK7HWiNzjP3aZnzCEf-ikAqb2yiDk', '잘 키울 수 있음'),
(189, 2, 1, 1, 'CANCEL', now(), now(), '직장인', '집', 3, 'www.naver.com', '서울', true,  'https://encrypted-tbn1.gstatic.com/licensed-image?q=tbn:ANd9GcREj22c-wMNL5IDmU99v8G7voUl17Yxm0JJqMLqttdPT4DnaB99zqVK7HWiNzjP3aZnzCEf-ikAqb2yiDk', '잘 키울 수 있음'),
(190, 2, 1, 1, 'CANCEL', now(), now(), '직장인', '집', 3, 'www.naver.com', '서울', true,  'https://encrypted-tbn1.gstatic.com/licensed-image?q=tbn:ANd9GcREj22c-wMNL5IDmU99v8G7voUl17Yxm0JJqMLqttdPT4DnaB99zqVK7HWiNzjP3aZnzCEf-ikAqb2yiDk', '잘 키울 수 있음'),
(191, 2, 1, 1, 'CANCEL', now(), now(), '직장인', '집', 3, 'www.naver.com', '서울', true,  'https://encrypted-tbn1.gstatic.com/licensed-image?q=tbn:ANd9GcREj22c-wMNL5IDmU99v8G7voUl17Yxm0JJqMLqttdPT4DnaB99zqVK7HWiNzjP3aZnzCEf-ikAqb2yiDk', '잘 키울 수 있음'),
(192, 2, 1, 1, 'CANCEL', now(), now(), '직장인', '집', 3, 'www.naver.com', '서울', true,  'https://encrypted-tbn1.gstatic.com/licensed-image?q=tbn:ANd9GcREj22c-wMNL5IDmU99v8G7voUl17Yxm0JJqMLqttdPT4DnaB99zqVK7HWiNzjP3aZnzCEf-ikAqb2yiDk', '잘 키울 수 있음'),
(193, 2, 1, 1, 'CANCEL', now(), now(), '직장인', '집', 3, 'www.naver.com', '서울', true,  'https://encrypted-tbn1.gstatic.com/licensed-image?q=tbn:ANd9GcREj22c-wMNL5IDmU99v8G7voUl17Yxm0JJqMLqttdPT4DnaB99zqVK7HWiNzjP3aZnzCEf-ikAqb2yiDk', '잘 키울 수 있음'),
(194, 2, 1, 1, 'CANCEL', now(), now(), '직장인', '집', 3, 'www.naver.com', '서울', true,  'https://encrypted-tbn1.gstatic.com/licensed-image?q=tbn:ANd9GcREj22c-wMNL5IDmU99v8G7voUl17Yxm0JJqMLqttdPT4DnaB99zqVK7HWiNzjP3aZnzCEf-ikAqb2yiDk', '잘 키울 수 있음'),
(195, 2, 1, 1, 'CANCEL', now(), now(), '직장인', '집', 3, 'www.naver.com', '서울', true,  'https://encrypted-tbn1.gstatic.com/licensed-image?q=tbn:ANd9GcREj22c-wMNL5IDmU99v8G7voUl17Yxm0JJqMLqttdPT4DnaB99zqVK7HWiNzjP3aZnzCEf-ikAqb2yiDk', '잘 키울 수 있음'),
(196, 2, 1, 1, 'CANCEL', now(), now(), '직장인', '집', 3, 'www.naver.com', '서울', true,  'https://encrypted-tbn1.gstatic.com/licensed-image?q=tbn:ANd9GcREj22c-wMNL5IDmU99v8G7voUl17Yxm0JJqMLqttdPT4DnaB99zqVK7HWiNzjP3aZnzCEf-ikAqb2yiDk', '잘 키울 수 있음'),
(197, 2, 1, 1, 'CANCEL', now(), now(), '직장인', '집', 3, 'www.naver.com', '서울', true,  'https://encrypted-tbn1.gstatic.com/licensed-image?q=tbn:ANd9GcREj22c-wMNL5IDmU99v8G7voUl17Yxm0JJqMLqttdPT4DnaB99zqVK7HWiNzjP3aZnzCEf-ikAqb2yiDk', '잘 키울 수 있음'),
(198, 2, 1, 1, 'CANCEL', now(), now(), '직장인', '집', 3, 'www.naver.com', '서울', true,  'https://encrypted-tbn1.gstatic.com/licensed-image?q=tbn:ANd9GcREj22c-wMNL5IDmU99v8G7voUl17Yxm0JJqMLqttdPT4DnaB99zqVK7HWiNzjP3aZnzCEf-ikAqb2yiDk', '잘 키울 수 있음'),
(199, 2, 1, 1, 'CANCEL', now(), now(), '직장인', '집', 3, 'www.naver.com', '서울', true,  'https://encrypted-tbn1.gstatic.com/licensed-image?q=tbn:ANd9GcREj22c-wMNL5IDmU99v8G7voUl17Yxm0JJqMLqttdPT4DnaB99zqVK7HWiNzjP3aZnzCEf-ikAqb2yiDk', '잘 키울 수 있음'),
(200, 2, 1, 1, 'CANCEL', now(), now(), '직장인', '집', 3, 'www.naver.com', '서울', true,  'https://encrypted-tbn1.gstatic.com/licensed-image?q=tbn:ANd9GcREj22c-wMNL5IDmU99v8G7voUl17Yxm0JJqMLqttdPT4DnaB99zqVK7HWiNzjP3aZnzCEf-ikAqb2yiDk', '잘 키울 수 있음');

-- apply_experiences
insert into apply_experiences(apply_experience_id, apply_id, species, period, create_date, update_date) values
(1, 1, '불독', 12, now(), now()),
(2, 1, '말티즈', 15, now(), now()),
(3, 1, '리트리버', 6, now(), now()),
(4, 3, '불독', 12, now(), now()),
(5, 3, '말티즈', 15, now(), now()),
(6, 3, '리트리버', 6, now(), now());


